subject_id	subject_label	subject_type	predicate	object_id	object_label	object_type	source	source_id	publication_id	evidence_type	confidence	sample_type	notes	method
KEGG:map00650	Butanoate metabolism	Pathway	involves	CHEBI:15361	Pyruvate	Bioactive	KEGG	map00650|C00022		review	0.92		KEGG compound C00022	KEGG pathway curation
KEGG:map00650	Butanoate metabolism	Pathway	involves	CHEBI:15351	Acetyl-CoA	Bioactive	KEGG	map00650|C00024		review	0.92		KEGG compound C00024	KEGG pathway curation
KEGG:map00650	Butanoate metabolism	Pathway	involves	CHEBI:16015	L-Glutamate	Bioactive	KEGG	map00650|C00025		review	0.92		KEGG compound C00025	KEGG pathway curation
KEGG:map00650	Butanoate metabolism	Pathway	involves	CHEBI:16810	2-Oxoglutarate	Bioactive	KEGG	map00650|C00026		review	0.92		KEGG compound C00026	KEGG pathway curation
KEGG:map00650	Butanoate metabolism	Pathway	involves	CHEBI:15741	Succinate	Bioactive	KEGG	map00650|C00042		review	0.92		KEGG compound C00042	KEGG pathway curation
KEGG:map00650	Butanoate metabolism	Pathway	involves	CHEBI:15380	Succinyl-CoA	Bioactive	KEGG	map00650|C00091		review	0.92		KEGG compound C00091	KEGG pathway curation
KEGG:map00650	Butanoate metabolism	Pathway	involves	CHEBI:18012	Fumarate	Bioactive	KEGG	map00650|C00122		review	0.92		KEGG compound C00122	KEGG pathway curation
KEGG:map00650	Butanoate metabolism	Pathway	involves	CHEBI:17790	Methanol	Bioactive	KEGG	map00650|C00132		review	0.92		KEGG compound C00132	KEGG pathway curation
KEGG:map00650	Butanoate metabolism	Pathway	involves	CHEBI:15517	Butanoyl-CoA	Bioactive	KEGG	map00650|C00136		review	0.92		KEGG compound C00136	KEGG pathway curation
KEGG:map00650	Butanoate metabolism	Pathway	involves	CHEBI:13705	Acetoacetate	Bioactive	KEGG	map00650|C00164		review	0.92		KEGG compound C00164	KEGG pathway curation
KEGG:map00650	Butanoate metabolism	Pathway	involves	CHEBI:15347	Acetone	Bioactive	KEGG	map00650|C00207		review	0.92		KEGG compound C00207	KEGG pathway curation
KEGG:map00650	Butanoate metabolism	Pathway	involves	CHEBI:16265	Succinate semialdehyde	Bioactive	KEGG	map00650|C00232		review	0.92		KEGG compound C00232	KEGG pathway curation
KEGG:map00650	Butanoate metabolism	Pathway	involves	CHEBI:17968	Butanoic acid	Bioactive	KEGG	map00650|C00246		review	0.92		KEGG compound C00246	KEGG pathway curation
KEGG:map00650	Butanoate metabolism	Pathway	involves	CHEBI:15345	Acetoacetyl-CoA	Bioactive	KEGG	map00650|C00332		review	0.92		KEGG compound C00332	KEGG pathway curation
KEGG:map00650	Butanoate metabolism	Pathway	involves	CHEBI:16865	4-Aminobutanoate	Bioactive	KEGG	map00650|C00334		review	0.92		KEGG compound C00334	KEGG pathway curation
KEGG:map00650	Butanoate metabolism	Pathway	involves	CHEBI:15467	(S)-3-Hydroxy-3-methylglutaryl-CoA	Bioactive	KEGG	map00650|C00356		review	0.92		KEGG compound C00356	KEGG pathway curation
KEGG:map00650	Butanoate metabolism	Pathway	involves	CHEBI:15588	(R)-Malate	Bioactive	KEGG	map00650|C00497		review	0.92		KEGG compound C00497	KEGG pathway curation
KEGG:map00650	Butanoate metabolism	Pathway	involves	CHEBI:16583	Diacetyl	Bioactive	KEGG	map00650|C00741		review	0.92		KEGG compound C00741	KEGG pathway curation
KEGG:map00650	Butanoate metabolism	Pathway	involves	CHEBI:15686	(R)-Acetoin	Bioactive	KEGG	map00650|C00810		review	0.92		KEGG compound C00810	KEGG pathway curation
KEGG:map00650	Butanoate metabolism	Pathway	involves	CHEBI:15473	Crotonoyl-CoA	Bioactive	KEGG	map00650|C00877		review	0.92		KEGG compound C00877	KEGG pathway curation
KEGG:map00650	Butanoate metabolism	Pathway	involves	CHEBI:16724	4-Hydroxybutanoic acid	Bioactive	KEGG	map00650|C00989		review	0.92		KEGG compound C00989	KEGG pathway curation
KEGG:map00650	Butanoate metabolism	Pathway	involves	CHEBI:10983	(R)-3-Hydroxybutanoate	Bioactive	KEGG	map00650|C01089		review	0.92		KEGG compound C01089	KEGG pathway curation
KEGG:map00650	Butanoate metabolism	Pathway	involves	CHEBI:15453	(S)-3-Hydroxybutanoyl-CoA	Bioactive	KEGG	map00650|C01144		review	0.92		KEGG compound C01144	KEGG pathway curation
KEGG:map00650	Butanoate metabolism	Pathway	involves	CHEBI:18300	Maleic acid	Bioactive	KEGG	map00650|C01384		review	0.92		KEGG compound C01384	KEGG pathway curation
KEGG:map00650	Butanoate metabolism	Pathway	involves	CHEBI:15743	Butanal	Bioactive	KEGG	map00650|C01412		review	0.92		KEGG compound C01412	KEGG pathway curation
KEGG:map00650	Butanoate metabolism	Pathway	involves	CHEBI:15687	(S)-Acetoin	Bioactive	KEGG	map00650|C01769		review	0.92		KEGG compound C01769	KEGG pathway curation
KEGG:map00650	Butanoate metabolism	Pathway	involves	CHEBI:17824	Propan-2-ol	Bioactive	KEGG	map00650|C01845		review	0.92		KEGG compound C01845	KEGG pathway curation
KEGG:map00650	Butanoate metabolism	Pathway	involves	CHEBI:15543	Vinylacetyl-CoA	Bioactive	KEGG	map00650|C02331		review	0.92		KEGG compound C02331	KEGG pathway curation
KEGG:map00650	Butanoate metabolism	Pathway	involves	CHEBI:15497	Glutaconyl-1-CoA	Bioactive	KEGG	map00650|C02411		review	0.92		KEGG compound C02411	KEGG pathway curation
KEGG:map00650	Butanoate metabolism	Pathway	involves	CHEBI:17260	Butanoylphosphate	Bioactive	KEGG	map00650|C02527		review	0.92		KEGG compound C02527	KEGG pathway curation
KEGG:map00650	Butanoate metabolism	Pathway	involves	CHEBI:17084	2-Hydroxyglutarate	Bioactive	KEGG	map00650|C02630		review	0.92		KEGG compound C02630	KEGG pathway curation
KEGG:map00650	Butanoate metabolism	Pathway	involves	CHEBI:16982	(R,R)-Butane-2,3-diol	Bioactive	KEGG	map00650|C03044		review	0.92		KEGG compound C03044	KEGG pathway curation
KEGG:map00650	Butanoate metabolism	Pathway	involves	CHEBI:16812	(S,S)-Butane-2,3-diol	Bioactive	KEGG	map00650|C03046		review	0.92		KEGG compound C03046	KEGG pathway curation
KEGG:map00650	Butanoate metabolism	Pathway	involves	CHEBI:28578	2-Hydroxyglutaryl-CoA	Bioactive	KEGG	map00650|C03058		review	0.92		KEGG compound C03058	KEGG pathway curation
KEGG:map00650	Butanoate metabolism	Pathway	involves	CHEBI:15452	(R)-3-Hydroxybutanoyl-CoA	Bioactive	KEGG	map00650|C03561		review	0.92		KEGG compound C03561	KEGG pathway curation
KEGG:map00650	Butanoate metabolism	Pathway	involves	CHEBI:10979	(R)-3-((R)-3-Hydroxybutanoyloxy)butanoate	Bioactive	KEGG	map00650|C04546		review	0.92		KEGG compound C04546	KEGG pathway curation
KEGG:map00650	Butanoate metabolism	Pathway	involves	CHEBI:18409	(S)-2-Acetolactate	Bioactive	KEGG	map00650|C06010		review	0.92		KEGG compound C06010	KEGG pathway curation
KEGG:map00650	Butanoate metabolism	Pathway	involves	CHEBI:28885	1-Butanol	Bioactive	KEGG	map00650|C06142		review	0.92		KEGG compound C06142	KEGG pathway curation
KEGG:map00650	Butanoate metabolism	Pathway	involves	CHEBI:8295	Poly-beta-hydroxybutyrate	Bioactive	KEGG	map00650|C06143		review	0.92		KEGG compound C06143	KEGG pathway curation
KEGG:map00650	Butanoate metabolism	Pathway	involves	CHEBI:1461	3-Butynoate	Bioactive	KEGG	map00650|C06144		review	0.92		KEGG compound C06144	KEGG pathway curation
KEGG:map00650	Butanoate metabolism	Pathway	involves	CHEBI:28180	3-Butyn-1-al	Bioactive	KEGG	map00650|C06145		review	0.92		KEGG compound C06145	KEGG pathway curation
KEGG:map00650	Butanoate metabolism	Pathway	involves	CHEBI:27444	3-Butyn-1-ol	Bioactive	KEGG	map00650|C06146		review	0.92		KEGG compound C06146	KEGG pathway curation
KEGG:map00650	Butanoate metabolism	Pathway	involves	CHEBI:28522	4-Hydroxybutyryl-CoA	Bioactive	KEGG	map00650|C11062		review	0.92		KEGG compound C11062	KEGG pathway curation
KEGG:map00650	Butanoate metabolism	Pathway	involves	CHEBI:77700	Methyl acetate	Bioactive	KEGG	map00650|C17530		review	0.92		KEGG compound C17530	KEGG pathway curation
KEGG:map00640	Propanoate metabolism	Pathway	involves	CHEBI:15351	Acetyl-CoA	Bioactive	KEGG	map00640|C00024		review	0.92		KEGG compound C00024	KEGG pathway curation
KEGG:map00640	Propanoate metabolism	Pathway	involves	CHEBI:16452	Oxaloacetate	Bioactive	KEGG	map00640|C00036		review	0.92		KEGG compound C00036	KEGG pathway curation
KEGG:map00640	Propanoate metabolism	Pathway	involves	CHEBI:15741	Succinate	Bioactive	KEGG	map00640|C00042		review	0.92		KEGG compound C00042	KEGG pathway curation
KEGG:map00640	Propanoate metabolism	Pathway	involves	CHEBI:9532	Thiamin diphosphate	Bioactive	KEGG	map00640|C00068		review	0.92		KEGG compound C00068	KEGG pathway curation
KEGG:map00640	Propanoate metabolism	Pathway	involves	CHEBI:15531	Malonyl-CoA	Bioactive	KEGG	map00640|C00083		review	0.92		KEGG compound C00083	KEGG pathway curation
KEGG:map00640	Propanoate metabolism	Pathway	involves	CHEBI:15380	Succinyl-CoA	Bioactive	KEGG	map00640|C00091		review	0.92		KEGG compound C00091	KEGG pathway curation
KEGG:map00640	Propanoate metabolism	Pathway	involves	CHEBI:16958	beta-Alanine	Bioactive	KEGG	map00640|C00099		review	0.92		KEGG compound C00099	KEGG pathway curation
KEGG:map00640	Propanoate metabolism	Pathway	involves	CHEBI:15539	Propanoyl-CoA	Bioactive	KEGG	map00640|C00100		review	0.92		KEGG compound C00100	KEGG pathway curation
KEGG:map00640	Propanoate metabolism	Pathway	involves	CHEBI:16763	2-Oxobutanoate	Bioactive	KEGG	map00640|C00109		review	0.92		KEGG compound C00109	KEGG pathway curation
KEGG:map00640	Propanoate metabolism	Pathway	involves	CHEBI:16108	Glycerone phosphate	Bioactive	KEGG	map00640|C00111		review	0.92		KEGG compound C00111	KEGG pathway curation
KEGG:map00640	Propanoate metabolism	Pathway	involves	CHEBI:17272	Propanoate	Bioactive	KEGG	map00640|C00163		review	0.92		KEGG compound C00163	KEGG pathway curation
KEGG:map00640	Propanoate metabolism	Pathway	involves	CHEBI:422	(S)-Lactate	Bioactive	KEGG	map00640|C00186		review	0.92		KEGG compound C00186	KEGG pathway curation
KEGG:map00640	Propanoate metabolism	Pathway	involves	CHEBI:17960	3-Oxopropanoate	Bioactive	KEGG	map00640|C00222		review	0.92		KEGG compound C00222	KEGG pathway curation
KEGG:map00640	Propanoate metabolism	Pathway	involves	CHEBI:18041	(S)-Lactaldehyde	Bioactive	KEGG	map00640|C00424		review	0.92		KEGG compound C00424	KEGG pathway curation
KEGG:map00640	Propanoate metabolism	Pathway	involves	CHEBI:17153	Propanal	Bioactive	KEGG	map00640|C00479		review	0.92		KEGG compound C00479	KEGG pathway curation
KEGG:map00640	Propanoate metabolism	Pathway	involves	CHEBI:18308	Acrylic acid	Bioactive	KEGG	map00640|C00511		review	0.92		KEGG compound C00511	KEGG pathway curation
KEGG:map00640	Propanoate metabolism	Pathway	involves	CHEBI:17158	Methylglyoxal	Bioactive	KEGG	map00640|C00546		review	0.92		KEGG compound C00546	KEGG pathway curation
KEGG:map00640	Propanoate metabolism	Pathway	involves	CHEBI:16997	Propane-1,2-diol	Bioactive	KEGG	map00640|C00583		review	0.92		KEGG compound C00583	KEGG pathway curation
KEGG:map00640	Propanoate metabolism	Pathway	involves	CHEBI:15466	(S)-Methylmalonyl-CoA	Bioactive	KEGG	map00640|C00683		review	0.92		KEGG compound C00683	KEGG pathway curation
KEGG:map00640	Propanoate metabolism	Pathway	involves	CHEBI:15364	Propynoate	Bioactive	KEGG	map00640|C00804		review	0.92		KEGG compound C00804	KEGG pathway curation
KEGG:map00640	Propanoate metabolism	Pathway	involves	CHEBI:15529	Lactoyl-CoA	Bioactive	KEGG	map00640|C00827		review	0.92		KEGG compound C00827	KEGG pathway curation
KEGG:map00640	Propanoate metabolism	Pathway	involves	CHEBI:15513	Propenoyl-CoA	Bioactive	KEGG	map00640|C00894		review	0.92		KEGG compound C00894	KEGG pathway curation
KEGG:map00640	Propanoate metabolism	Pathway	involves	CHEBI:16510	3-Hydroxypropanoate	Bioactive	KEGG	map00640|C01013		review	0.92		KEGG compound C01013	KEGG pathway curation
KEGG:map00640	Propanoate metabolism	Pathway	involves	CHEBI:15465	(R)-Methylmalonyl-CoA	Bioactive	KEGG	map00640|C01213		review	0.92		KEGG compound C01213	KEGG pathway curation
KEGG:map00640	Propanoate metabolism	Pathway	involves	CHEBI:17453	Methylmalonate	Bioactive	KEGG	map00640|C02170		review	0.92		KEGG compound C02170	KEGG pathway curation
KEGG:map00640	Propanoate metabolism	Pathway	involves	CHEBI:10860	2-Methylcitrate	Bioactive	KEGG	map00640|C02225		review	0.92		KEGG compound C02225	KEGG pathway curation
KEGG:map00640	Propanoate metabolism	Pathway	involves	CHEBI:15507	beta-Alanyl-CoA	Bioactive	KEGG	map00640|C02335		review	0.92		KEGG compound C02335	KEGG pathway curation
KEGG:map00640	Propanoate metabolism	Pathway	involves	CHEBI:8478	Propanoyl phosphate	Bioactive	KEGG	map00640|C02876		review	0.92		KEGG compound C02876	KEGG pathway curation
KEGG:map00640	Propanoate metabolism	Pathway	involves	CHEBI:16717	(Z)-But-2-ene-1,2,3-tricarboxylate	Bioactive	KEGG	map00640|C04225		review	0.92		KEGG compound C04225	KEGG pathway curation
KEGG:map00640	Propanoate metabolism	Pathway	involves	CHEBI:15607	(2S,3R)-3-Hydroxybutane-1,2,3-tricarboxylate	Bioactive	KEGG	map00640|C04593		review	0.92		KEGG compound C04593	KEGG pathway curation
KEGG:map00640	Propanoate metabolism	Pathway	involves	CHEBI:27957	Hydroxyacetone	Bioactive	KEGG	map00640|C05235		review	0.92		KEGG compound C05235	KEGG pathway curation
KEGG:map00640	Propanoate metabolism	Pathway	involves	CHEBI:27762	3-Hydroxypropionyl-CoA	Bioactive	KEGG	map00640|C05668		review	0.92		KEGG compound C05668	KEGG pathway curation
KEGG:map00640	Propanoate metabolism	Pathway	involves	CHEBI:28831	Propane-1-ol	Bioactive	KEGG	map00640|C05979		review	0.92		KEGG compound C05979	KEGG pathway curation
KEGG:map00640	Propanoate metabolism	Pathway	involves	CHEBI:62415	Propionyladenylate	Bioactive	KEGG	map00640|C05983		review	0.92		KEGG compound C05983	KEGG pathway curation
KEGG:map00640	Propanoate metabolism	Pathway	involves	CHEBI:1148	2-Hydroxybutanoic acid	Bioactive	KEGG	map00640|C05984		review	0.92		KEGG compound C05984	KEGG pathway curation
KEGG:map00640	Propanoate metabolism	Pathway	involves	CHEBI:28673	3-Oxopropionyl-CoA	Bioactive	KEGG	map00640|C05989		review	0.92		KEGG compound C05989	KEGG pathway curation
KEGG:map00640	Propanoate metabolism	Pathway	involves	CHEBI:27821	(S)-Methylmalonate semialdehyde	Bioactive	KEGG	map00640|C06002		review	0.92		KEGG compound C06002	KEGG pathway curation
KEGG:map00640	Propanoate metabolism	Pathway	involves	CHEBI:80218	Enzyme N6-(lipoyl)lysine	Bioactive	KEGG	map00640|C15972		review	0.92		KEGG compound C15972	KEGG pathway curation
KEGG:map00640	Propanoate metabolism	Pathway	involves	CHEBI:80219	Enzyme N6-(dihydrolipoyl)lysine	Bioactive	KEGG	map00640|C15973		review	0.92		KEGG compound C15973	KEGG pathway curation
KEGG:map00640	Propanoate metabolism	Pathway	involves	CHEBI:190398	2-(alpha-Hydroxypropyl)thiamine diphosphate	Bioactive	KEGG	map00640|C21017		review	0.92		KEGG compound C21017	KEGG pathway curation
KEGG:map00120	Primary bile acid biosynthesis	Pathway	involves	CHEBI:15428	Glycine	Bioactive	KEGG	map00120|C00037		review	0.92		KEGG compound C00037	KEGG pathway curation
KEGG:map00120	Primary bile acid biosynthesis	Pathway	involves	CHEBI:16113	Cholesterol	Bioactive	KEGG	map00120|C00187		review	0.92		KEGG compound C00187	KEGG pathway curation
KEGG:map00120	Primary bile acid biosynthesis	Pathway	involves	CHEBI:15891	Taurine	Bioactive	KEGG	map00120|C00245		review	0.92		KEGG compound C00245	KEGG pathway curation
KEGG:map00120	Primary bile acid biosynthesis	Pathway	involves	CHEBI:16359	Cholic acid	Bioactive	KEGG	map00120|C00695		review	0.92		KEGG compound C00695	KEGG pathway curation
KEGG:map00120	Primary bile acid biosynthesis	Pathway	involves	CHEBI:16466	3alpha,7alpha,12alpha-Trihydroxy-5beta-cholestan-26-al	Bioactive	KEGG	map00120|C01301		review	0.92		KEGG compound C01301	KEGG pathway curation
KEGG:map00120	Primary bile acid biosynthesis	Pathway	involves	CHEBI:15519	Choloyl-CoA	Bioactive	KEGG	map00120|C01794		review	0.92		KEGG compound C01794	KEGG pathway curation
KEGG:map00120	Primary bile acid biosynthesis	Pathway	involves	CHEBI:17687	Glycocholate	Bioactive	KEGG	map00120|C01921		review	0.92		KEGG compound C01921	KEGG pathway curation
KEGG:map00120	Primary bile acid biosynthesis	Pathway	involves	CHEBI:16755	Chenodeoxycholate	Bioactive	KEGG	map00120|C02528		review	0.92		KEGG compound C02528	KEGG pathway curation
KEGG:map00120	Primary bile acid biosynthesis	Pathway	involves	CHEBI:17500	7alpha-Hydroxycholesterol	Bioactive	KEGG	map00120|C03594		review	0.92		KEGG compound C03594	KEGG pathway curation
KEGG:map00120	Primary bile acid biosynthesis	Pathway	involves	CHEBI:16577	3alpha,7alpha-Dihydroxy-5beta-cholestanate	Bioactive	KEGG	map00120|C04554		review	0.92		KEGG compound C04554	KEGG pathway curation
KEGG:map00120	Primary bile acid biosynthesis	Pathway	involves	CHEBI:18402	3alpha,7alpha,12alpha-Trihydroxy-5beta-cholestanoate	Bioactive	KEGG	map00120|C04722		review	0.92		KEGG compound C04722	KEGG pathway curation
KEGG:map00120	Primary bile acid biosynthesis	Pathway	involves	CHEBI:28865	Taurocholate	Bioactive	KEGG	map00120|C05122		review	0.92		KEGG compound C05122	KEGG pathway curation
KEGG:map00120	Primary bile acid biosynthesis	Pathway	involves	CHEBI:28701	Chenodeoxycholoyl-CoA	Bioactive	KEGG	map00120|C05337		review	0.92		KEGG compound C05337	KEGG pathway curation
KEGG:map00120	Primary bile acid biosynthesis	Pathway	involves	CHEBI:28540	3alpha,7alpha,26-Trihydroxy-5beta-cholestane	Bioactive	KEGG	map00120|C05444		review	0.92		KEGG compound C05444	KEGG pathway curation
KEGG:map00120	Primary bile acid biosynthesis	Pathway	involves	CHEBI:27428	3alpha,7alpha-Dihydroxy-5beta-cholestan-26-al	Bioactive	KEGG	map00120|C05445		review	0.92		KEGG compound C05445	KEGG pathway curation
KEGG:map00120	Primary bile acid biosynthesis	Pathway	involves	CHEBI:17278	3alpha,7alpha,12alpha,26-Tetrahydroxy-5beta-cholestane	Bioactive	KEGG	map00120|C05446		review	0.92		KEGG compound C05446	KEGG pathway curation
KEGG:map00120	Primary bile acid biosynthesis	Pathway	involves	CHEBI:27393	(24E)-3alpha,7alpha-Dihydroxy-5beta-cholest-24-enoyl-CoA	Bioactive	KEGG	map00120|C05447		review	0.92		KEGG compound C05447	KEGG pathway curation
KEGG:map00120	Primary bile acid biosynthesis	Pathway	involves	CHEBI:27403	(24R,25R)-3alpha,7alpha,24-Trihydroxy-5beta-cholestanoyl-CoA	Bioactive	KEGG	map00120|C05448		review	0.92		KEGG compound C05448	KEGG pathway curation
KEGG:map00120	Primary bile acid biosynthesis	Pathway	involves	CHEBI:28533	3alpha,7alpha-Dihydroxy-5beta-24-oxocholestanoyl-CoA	Bioactive	KEGG	map00120|C05449		review	0.92		KEGG compound C05449	KEGG pathway curation
KEGG:map00120	Primary bile acid biosynthesis	Pathway	involves	CHEBI:2290	7alpha-Hydroxy-5beta-cholestan-3-one	Bioactive	KEGG	map00120|C05451		review	0.92		KEGG compound C05451	KEGG pathway curation
KEGG:map00120	Primary bile acid biosynthesis	Pathway	involves	CHEBI:28047	3alpha,7alpha-Dihydroxy-5beta-cholestane	Bioactive	KEGG	map00120|C05452		review	0.92		KEGG compound C05452	KEGG pathway curation
KEGG:map00120	Primary bile acid biosynthesis	Pathway	involves	CHEBI:2288	7alpha,12alpha-Dihydroxy-5beta-cholestan-3-one	Bioactive	KEGG	map00120|C05453		review	0.92		KEGG compound C05453	KEGG pathway curation
KEGG:map00120	Primary bile acid biosynthesis	Pathway	involves	CHEBI:16496	3alpha,7alpha,12alpha-Trihydroxy-5beta-cholestane	Bioactive	KEGG	map00120|C05454		review	0.92		KEGG compound C05454	KEGG pathway curation
KEGG:map00120	Primary bile acid biosynthesis	Pathway	involves	CHEBI:17899	7alpha-Hydroxycholest-4-en-3-one	Bioactive	KEGG	map00120|C05455		review	0.92		KEGG compound C05455	KEGG pathway curation
KEGG:map00120	Primary bile acid biosynthesis	Pathway	involves	CHEBI:27505	(24E)-3alpha,7alpha,12alpha-Trihydroxy-5beta-cholest-24-enoyl-CoA	Bioactive	KEGG	map00120|C05460		review	0.92		KEGG compound C05460	KEGG pathway curation
KEGG:map00120	Primary bile acid biosynthesis	Pathway	involves	CHEBI:9407	Taurochenodeoxycholate	Bioactive	KEGG	map00120|C05465		review	0.92		KEGG compound C05465	KEGG pathway curation
KEGG:map00120	Primary bile acid biosynthesis	Pathway	involves	CHEBI:36274	Glycochenodeoxycholate	Bioactive	KEGG	map00120|C05466		review	0.92		KEGG compound C05466	KEGG pathway curation
KEGG:map00120	Primary bile acid biosynthesis	Pathway	involves	CHEBI:27379	3alpha,7alpha,12alpha-Trihydroxy-5beta-24-oxocholestanoyl-CoA	Bioactive	KEGG	map00120|C05467		review	0.92		KEGG compound C05467	KEGG pathway curation
KEGG:map00120	Primary bile acid biosynthesis	Pathway	involves	CHEBI:2149	5beta-Cyprinolsulfate	Bioactive	KEGG	map00120|C05468		review	0.92		KEGG compound C05468	KEGG pathway curation
KEGG:map00120	Primary bile acid biosynthesis	Pathway	involves	CHEBI:18431	7alpha,27-Dihydroxycholesterol	Bioactive	KEGG	map00120|C06341		review	0.92		KEGG compound C06341	KEGG pathway curation
KEGG:map00120	Primary bile acid biosynthesis	Pathway	involves	CHEBI:34310	Cerebrosterol	Bioactive	KEGG	map00120|C13550		review	0.92		KEGG compound C13550	KEGG pathway curation
KEGG:map00120	Primary bile acid biosynthesis	Pathway	involves	CHEBI:37640	(24S)-Cholest-5-ene-3beta,7alpha,24-triol	Bioactive	KEGG	map00120|C15518		review	0.92		KEGG compound C15518	KEGG pathway curation
KEGG:map00120	Primary bile acid biosynthesis	Pathway	involves	CHEBI:42977	25-Hydroxycholesterol	Bioactive	KEGG	map00120|C15519		review	0.92		KEGG compound C15519	KEGG pathway curation
KEGG:map00120	Primary bile acid biosynthesis	Pathway	involves	CHEBI:37623	Cholest-5-ene-3beta,7alpha,25-triol	Bioactive	KEGG	map00120|C15520		review	0.92		KEGG compound C15520	KEGG pathway curation
KEGG:map00120	Primary bile acid biosynthesis	Pathway	involves	CHEBI:17703	Cholest-5-ene-3beta,26-diol	Bioactive	KEGG	map00120|C15610		review	0.92		KEGG compound C15610	KEGG pathway curation
KEGG:map00120	Primary bile acid biosynthesis	Pathway	involves	CHEBI:37642	(25R)-3alpha,7alpha,12alpha-Trihydroxy-5beta-cholestan-26-oyl-CoA	Bioactive	KEGG	map00120|C15613		review	0.92		KEGG compound C15613	KEGG pathway curation
KEGG:map00120	Primary bile acid biosynthesis	Pathway	involves	CHEBI:52050	(24R,25R)-3alpha,7alpha,12alpha,24-Tetrahydroxy-5beta-cholestanoyl-CoA	Bioactive	KEGG	map00120|C15614		review	0.92		KEGG compound C15614	KEGG pathway curation
KEGG:map00120	Primary bile acid biosynthesis	Pathway	involves	CHEBI:48701	7alpha,24-Dihydroxy-4-cholesten-3-one	Bioactive	KEGG	map00120|C17331		review	0.92		KEGG compound C17331	KEGG pathway curation
KEGG:map00120	Primary bile acid biosynthesis	Pathway	involves	CHEBI:81013	7alpha,25-Dihydroxy-4-cholesten-3-one	Bioactive	KEGG	map00120|C17332		review	0.92		KEGG compound C17332	KEGG pathway curation
KEGG:map00120	Primary bile acid biosynthesis	Pathway	involves	CHEBI:81014	3beta-Hydroxy-5-cholestenoate	Bioactive	KEGG	map00120|C17333		review	0.92		KEGG compound C17333	KEGG pathway curation
KEGG:map00120	Primary bile acid biosynthesis	Pathway	involves	CHEBI:81015	3beta,7alpha-Dihydroxy-5-cholestenoate	Bioactive	KEGG	map00120|C17335		review	0.92		KEGG compound C17335	KEGG pathway curation
KEGG:map00120	Primary bile acid biosynthesis	Pathway	involves	CHEBI:48825	7alpha,26-Dihydroxy-4-cholesten-3-one	Bioactive	KEGG	map00120|C17336		review	0.92		KEGG compound C17336	KEGG pathway curation
KEGG:map00120	Primary bile acid biosynthesis	Pathway	involves	CHEBI:28477	4-Cholesten-7alpha,12alpha-diol-3-one	Bioactive	KEGG	map00120|C17339		review	0.92		KEGG compound C17339	KEGG pathway curation
KEGG:map00120	Primary bile acid biosynthesis	Pathway	involves	CHEBI:81017	(25S)-3alpha,7alpha,12alpha-Trihydroxy-5beta-cholestan-26-oyl-CoA	Bioactive	KEGG	map00120|C17343		review	0.92		KEGG compound C17343	KEGG pathway curation
KEGG:map00120	Primary bile acid biosynthesis	Pathway	involves	CHEBI:81018	(25R)-3alpha,7alpha-Dihydroxy-5beta-cholestanoyl-CoA	Bioactive	KEGG	map00120|C17345		review	0.92		KEGG compound C17345	KEGG pathway curation
KEGG:map00120	Primary bile acid biosynthesis	Pathway	involves	CHEBI:81019	(25S)-3alpha,7alpha-Dihydroxy-5beta-cholestanoyl-CoA	Bioactive	KEGG	map00120|C17346		review	0.92		KEGG compound C17346	KEGG pathway curation
KEGG:map00121	Secondary bile acid biosynthesis	Pathway	involves	CHEBI:16359	Cholic acid	Bioactive	KEGG	map00121|C00695		review	0.92		KEGG compound C00695	KEGG pathway curation
KEGG:map00121	Secondary bile acid biosynthesis	Pathway	involves	CHEBI:17687	Glycocholate	Bioactive	KEGG	map00121|C01921		review	0.92		KEGG compound C01921	KEGG pathway curation
KEGG:map00121	Secondary bile acid biosynthesis	Pathway	involves	CHEBI:16755	Chenodeoxycholate	Bioactive	KEGG	map00121|C02528		review	0.92		KEGG compound C02528	KEGG pathway curation
KEGG:map00121	Secondary bile acid biosynthesis	Pathway	involves	CHEBI:16325	Lithocholic acid	Bioactive	KEGG	map00121|C03990		review	0.92		KEGG compound C03990	KEGG pathway curation
KEGG:map00121	Secondary bile acid biosynthesis	Pathway	involves	CHEBI:28834	Deoxycholic acid	Bioactive	KEGG	map00121|C04483		review	0.92		KEGG compound C04483	KEGG pathway curation
KEGG:map00121	Secondary bile acid biosynthesis	Pathway	involves	CHEBI:28865	Taurocholate	Bioactive	KEGG	map00121|C05122		review	0.92		KEGG compound C05122	KEGG pathway curation
KEGG:map00121	Secondary bile acid biosynthesis	Pathway	involves	CHEBI:28701	Chenodeoxycholoyl-CoA	Bioactive	KEGG	map00121|C05337		review	0.92		KEGG compound C05337	KEGG pathway curation
KEGG:map00121	Secondary bile acid biosynthesis	Pathway	involves	CHEBI:9407	Taurochenodeoxycholate	Bioactive	KEGG	map00121|C05465		review	0.92		KEGG compound C05465	KEGG pathway curation
KEGG:map00121	Secondary bile acid biosynthesis	Pathway	involves	CHEBI:36274	Glycochenodeoxycholate	Bioactive	KEGG	map00121|C05466		review	0.92		KEGG compound C05466	KEGG pathway curation
KEGG:map00121	Secondary bile acid biosynthesis	Pathway	involves	CHEBI:9907	Ursodiol	Bioactive	KEGG	map00121|C07880		review	0.92		KEGG compound C07880	KEGG pathway curation
KEGG:map00121	Secondary bile acid biosynthesis	Pathway	involves	CHEBI:52030	Murideoxycholate	Bioactive	KEGG	map00121|C15515		review	0.92		KEGG compound C15515	KEGG pathway curation
KEGG:map00121	Secondary bile acid biosynthesis	Pathway	involves	CHEBI:52023	Hyodeoxycholate	Bioactive	KEGG	map00121|C15517		review	0.92		KEGG compound C15517	KEGG pathway curation
KEGG:map00121	Secondary bile acid biosynthesis	Pathway	involves	CHEBI:81240	Ursocholate	Bioactive	KEGG	map00121|C17644		review	0.92		KEGG compound C17644	KEGG pathway curation
KEGG:map00121	Secondary bile acid biosynthesis	Pathway	involves	CHEBI:81242	12-Epideoxycholic acid	Bioactive	KEGG	map00121|C17646		review	0.92		KEGG compound C17646	KEGG pathway curation
KEGG:map00121	Secondary bile acid biosynthesis	Pathway	involves	CHEBI:81243	alpha-Muricholate	Bioactive	KEGG	map00121|C17647		review	0.92		KEGG compound C17647	KEGG pathway curation
KEGG:map00121	Secondary bile acid biosynthesis	Pathway	involves	CHEBI:81244	Hyocholate	Bioactive	KEGG	map00121|C17649		review	0.92		KEGG compound C17649	KEGG pathway curation
KEGG:map00121	Secondary bile acid biosynthesis	Pathway	involves	CHEBI:81245	Vulpecholate	Bioactive	KEGG	map00121|C17650		review	0.92		KEGG compound C17650	KEGG pathway curation
KEGG:map00121	Secondary bile acid biosynthesis	Pathway	involves	CHEBI:81246	alpha-Phocaecholic acid	Bioactive	KEGG	map00121|C17651		review	0.92		KEGG compound C17651	KEGG pathway curation
KEGG:map00121	Secondary bile acid biosynthesis	Pathway	involves	CHEBI:81249	beta-Phocaecholate	Bioactive	KEGG	map00121|C17654		review	0.92		KEGG compound C17654	KEGG pathway curation
KEGG:map00121	Secondary bile acid biosynthesis	Pathway	involves	CHEBI:81252	Bitocholate	Bioactive	KEGG	map00121|C17657		review	0.92		KEGG compound C17657	KEGG pathway curation
KEGG:map00121	Secondary bile acid biosynthesis	Pathway	involves	CHEBI:81253	Isolithocholate	Bioactive	KEGG	map00121|C17658		review	0.92		KEGG compound C17658	KEGG pathway curation
KEGG:map00121	Secondary bile acid biosynthesis	Pathway	involves	CHEBI:88102	Isochenodeoxycholate	Bioactive	KEGG	map00121|C17660		review	0.92		KEGG compound C17660	KEGG pathway curation
KEGG:map00121	Secondary bile acid biosynthesis	Pathway	involves	CHEBI:43419	Isoursodeoxycholate	Bioactive	KEGG	map00121|C17662		review	0.92		KEGG compound C17662	KEGG pathway curation
KEGG:map00121	Secondary bile acid biosynthesis	Pathway	involves	CHEBI:81258	Allochenodeoxycholate	Bioactive	KEGG	map00121|C17664		review	0.92		KEGG compound C17664	KEGG pathway curation
KEGG:map00121	Secondary bile acid biosynthesis	Pathway	involves	CHEBI:81261	Avicholate	Bioactive	KEGG	map00121|C17667		review	0.92		KEGG compound C17667	KEGG pathway curation
KEGG:map00121	Secondary bile acid biosynthesis	Pathway	involves	CHEBI:81262	Haemulcholate	Bioactive	KEGG	map00121|C17668		review	0.92		KEGG compound C17668	KEGG pathway curation
KEGG:map00121	Secondary bile acid biosynthesis	Pathway	involves	CHEBI:81276	Allodeoxycholate	Bioactive	KEGG	map00121|C17687		review	0.92		KEGG compound C17687	KEGG pathway curation
KEGG:map00121	Secondary bile acid biosynthesis	Pathway	involves	CHEBI:138379	Ursodeoxycholoyl-CoA	Bioactive	KEGG	map00121|C17689		review	0.92		KEGG compound C17689	KEGG pathway curation
KEGG:map00121	Secondary bile acid biosynthesis	Pathway	involves	CHEBI:81298	beta-Muricholate	Bioactive	KEGG	map00121|C17726		review	0.92		KEGG compound C17726	KEGG pathway curation
KEGG:map00121	Secondary bile acid biosynthesis	Pathway	involves	CHEBI:81299	omega-Muricholate	Bioactive	KEGG	map00121|C17727		review	0.92		KEGG compound C17727	KEGG pathway curation
KEGG:map00121	Secondary bile acid biosynthesis	Pathway	involves	CHEBI:81308	Allocholic acid	Bioactive	KEGG	map00121|C17737		review	0.92		KEGG compound C17737	KEGG pathway curation
KEGG:map00121	Secondary bile acid biosynthesis	Pathway	involves	CHEBI:186792	Avideoxycholate	Bioactive	KEGG	map00121|C20867		review	0.92		KEGG compound C20867	KEGG pathway curation
KEGG:map00121	Secondary bile acid biosynthesis	Pathway	involves	CHEBI:138876	Cygnocholate	Bioactive	KEGG	map00121|C20868		review	0.92		KEGG compound C20868	KEGG pathway curation
KEGG:map00380	Tryptophan metabolism	Pathway	involves	CHEBI:15351	Acetyl-CoA	Bioactive	KEGG	map00380|C00024		review	0.92		KEGG compound C00024	KEGG pathway curation
KEGG:map00380	Tryptophan metabolism	Pathway	involves	CHEBI:16828	L-Tryptophan	Bioactive	KEGG	map00380|C00078		review	0.92		KEGG compound C00078	KEGG pathway curation
KEGG:map00380	Tryptophan metabolism	Pathway	involves	CHEBI:16567	Anthranilate	Bioactive	KEGG	map00380|C00108		review	0.92		KEGG compound C00108	KEGG pathway curation
KEGG:map00380	Tryptophan metabolism	Pathway	involves	CHEBI:15753	2-Oxoadipate	Bioactive	KEGG	map00380|C00322		review	0.92		KEGG compound C00322	KEGG pathway curation
KEGG:map00380	Tryptophan metabolism	Pathway	involves	CHEBI:16946	L-Kynurenine	Bioactive	KEGG	map00380|C00328		review	0.92		KEGG compound C00328	KEGG pathway curation
KEGG:map00380	Tryptophan metabolism	Pathway	involves	CHEBI:29750	Indolepyruvate	Bioactive	KEGG	map00380|C00331		review	0.92		KEGG compound C00331	KEGG pathway curation
KEGG:map00380	Tryptophan metabolism	Pathway	involves	CHEBI:15345	Acetoacetyl-CoA	Bioactive	KEGG	map00380|C00332		review	0.92		KEGG compound C00332	KEGG pathway curation
KEGG:map00380	Tryptophan metabolism	Pathway	involves	CHEBI:16765	Tryptamine	Bioactive	KEGG	map00380|C00398		review	0.92		KEGG compound C00398	KEGG pathway curation
KEGG:map00380	Tryptophan metabolism	Pathway	involves	CHEBI:16881	Indole	Bioactive	KEGG	map00380|C00463		review	0.92		KEGG compound C00463	KEGG pathway curation
KEGG:map00380	Tryptophan metabolism	Pathway	involves	CHEBI:15524	Glutaryl-CoA	Bioactive	KEGG	map00380|C00527		review	0.92		KEGG compound C00527	KEGG pathway curation
KEGG:map00380	Tryptophan metabolism	Pathway	involves	CHEBI:15793	3-Hydroxyanthranilate	Bioactive	KEGG	map00380|C00632		review	0.92		KEGG compound C00632	KEGG pathway curation
KEGG:map00380	Tryptophan metabolism	Pathway	involves	CHEBI:18086	Indole-3-acetaldehyde	Bioactive	KEGG	map00380|C00637		review	0.92		KEGG compound C00637	KEGG pathway curation
KEGG:map00380	Tryptophan metabolism	Pathway	involves	CHEBI:17780	5-Hydroxy-L-tryptophan	Bioactive	KEGG	map00380|C00643		review	0.92		KEGG compound C00643	KEGG pathway curation
KEGG:map00380	Tryptophan metabolism	Pathway	involves	CHEBI:28790	Serotonin	Bioactive	KEGG	map00380|C00780		review	0.92		KEGG compound C00780	KEGG pathway curation
KEGG:map00380	Tryptophan metabolism	Pathway	involves	CHEBI:15473	Crotonoyl-CoA	Bioactive	KEGG	map00380|C00877		review	0.92		KEGG compound C00877	KEGG pathway curation
KEGG:map00380	Tryptophan metabolism	Pathway	involves	CHEBI:16411	Indole-3-acetate	Bioactive	KEGG	map00380|C00954		review	0.92		KEGG compound C00954	KEGG pathway curation
KEGG:map00380	Tryptophan metabolism	Pathway	involves	CHEBI:17890	Indole-3-ethanol	Bioactive	KEGG	map00380|C00955		review	0.92		KEGG compound C00955	KEGG pathway curation
KEGG:map00380	Tryptophan metabolism	Pathway	involves	CHEBI:17697	N-Acetylserotonin	Bioactive	KEGG	map00380|C00978		review	0.92		KEGG compound C00978	KEGG pathway curation
KEGG:map00380	Tryptophan metabolism	Pathway	involves	CHEBI:17508	7,8-Dihydroxykynurenate	Bioactive	KEGG	map00380|C01111		review	0.92		KEGG compound C01111	KEGG pathway curation
KEGG:map00380	Tryptophan metabolism	Pathway	involves	CHEBI:15453	(S)-3-Hydroxybutanoyl-CoA	Bioactive	KEGG	map00380|C01144		review	0.92		KEGG compound C01144	KEGG pathway curation
KEGG:map00380	Tryptophan metabolism	Pathway	involves	CHEBI:17109	7,8-Dihydro-7,8-dihydroxykynurenate	Bioactive	KEGG	map00380|C01249		review	0.92		KEGG compound C01249	KEGG pathway curation
KEGG:map00380	Tryptophan metabolism	Pathway	involves	CHEBI:17442	4-(2-Aminophenyl)-2,4-dioxobutanoate	Bioactive	KEGG	map00380|C01252		review	0.92		KEGG compound C01252	KEGG pathway curation
KEGG:map00380	Tryptophan metabolism	Pathway	involves	CHEBI:16796	Melatonin	Bioactive	KEGG	map00380|C01598		review	0.92		KEGG compound C01598	KEGG pathway curation
KEGG:map00380	Tryptophan metabolism	Pathway	involves	CHEBI:18344	4-Hydroxy-2-quinolinecarboxylic acid	Bioactive	KEGG	map00380|C01717		review	0.92		KEGG compound C01717	KEGG pathway curation
KEGG:map00380	Tryptophan metabolism	Pathway	involves	CHEBI:18112	2-Aminophenol	Bioactive	KEGG	map00380|C01987		review	0.92		KEGG compound C01987	KEGG pathway curation
KEGG:map00380	Tryptophan metabolism	Pathway	involves	CHEBI:17293	2-Aminophenoxazin-3-one	Bioactive	KEGG	map00380|C02161		review	0.92		KEGG compound C02161	KEGG pathway curation
KEGG:map00380	Tryptophan metabolism	Pathway	involves	CHEBI:16050	N-Acetylisatin	Bioactive	KEGG	map00380|C02172		review	0.92		KEGG compound C02172	KEGG pathway curation
KEGG:map00380	Tryptophan metabolism	Pathway	involves	CHEBI:16886	2-Aminomuconate	Bioactive	KEGG	map00380|C02220		review	0.92		KEGG compound C02220	KEGG pathway curation
KEGG:map00380	Tryptophan metabolism	Pathway	involves	CHEBI:15363	N-Acetylindoxyl	Bioactive	KEGG	map00380|C02298		review	0.92		KEGG compound C02298	KEGG pathway curation
KEGG:map00380	Tryptophan metabolism	Pathway	involves	CHEBI:71201	Xanthurenic acid	Bioactive	KEGG	map00380|C02470		review	0.92		KEGG compound C02470	KEGG pathway curation
KEGG:map00380	Tryptophan metabolism	Pathway	involves	CHEBI:16031	(Indol-3-yl)acetamide	Bioactive	KEGG	map00380|C02693		review	0.92		KEGG compound C02693	KEGG pathway curation
KEGG:map00380	Tryptophan metabolism	Pathway	involves	CHEBI:30249	L-Formylkynurenine	Bioactive	KEGG	map00380|C02700		review	0.92		KEGG compound C02700	KEGG pathway curation
KEGG:map00380	Tryptophan metabolism	Pathway	involves	CHEBI:17828	2,3-Dihydroxyindole	Bioactive	KEGG	map00380|C02775		review	0.92		KEGG compound C02775	KEGG pathway curation
KEGG:map00380	Tryptophan metabolism	Pathway	involves	CHEBI:17545	Indole-3-acetaldehyde oxime	Bioactive	KEGG	map00380|C02937		review	0.92		KEGG compound C02937	KEGG pathway curation
KEGG:map00380	Tryptophan metabolism	Pathway	involves	CHEBI:17566	3-Indoleacetonitrile	Bioactive	KEGG	map00380|C02938		review	0.92		KEGG compound C02938	KEGG pathway curation
KEGG:map00380	Tryptophan metabolism	Pathway	involves	CHEBI:17380	3-Hydroxy-L-kynurenine	Bioactive	KEGG	map00380|C03227		review	0.92		KEGG compound C03227	KEGG pathway curation
KEGG:map00380	Tryptophan metabolism	Pathway	involves	CHEBI:15976	(Indol-3-yl)glycolaldehyde	Bioactive	KEGG	map00380|C03230		review	0.92		KEGG compound C03230	KEGG pathway curation
KEGG:map00380	Tryptophan metabolism	Pathway	involves	CHEBI:16967	gamma-Oxalocrotonate	Bioactive	KEGG	map00380|C03453		review	0.92		KEGG compound C03453	KEGG pathway curation
KEGG:map00380	Tryptophan metabolism	Pathway	involves	CHEBI:18033	2-Formylaminobenzaldehyde	Bioactive	KEGG	map00380|C03574		review	0.92		KEGG compound C03574	KEGG pathway curation
KEGG:map00380	Tryptophan metabolism	Pathway	involves	CHEBI:16675	Quinolinate	Bioactive	KEGG	map00380|C03722		review	0.92		KEGG compound C03722	KEGG pathway curation
KEGG:map00380	Tryptophan metabolism	Pathway	involves	CHEBI:15745	2-Aminomuconate semialdehyde	Bioactive	KEGG	map00380|C03824		review	0.92		KEGG compound C03824	KEGG pathway curation
KEGG:map00380	Tryptophan metabolism	Pathway	involves	CHEBI:995	2-Amino-3-carboxymuconate semialdehyde	Bioactive	KEGG	map00380|C04409		review	0.92		KEGG compound C04409	KEGG pathway curation
KEGG:map00380	Tryptophan metabolism	Pathway	involves	CHEBI:50157	5-Hydroxyindoleacetaldehyde	Bioactive	KEGG	map00380|C05634		review	0.92		KEGG compound C05634	KEGG pathway curation
KEGG:map00380	Tryptophan metabolism	Pathway	involves	CHEBI:27823	5-Hydroxyindoleacetate	Bioactive	KEGG	map00380|C05635		review	0.92		KEGG compound C05635	KEGG pathway curation
KEGG:map00380	Tryptophan metabolism	Pathway	involves	CHEBI:27421	3-Hydroxykynurenamine	Bioactive	KEGG	map00380|C05636		review	0.92		KEGG compound C05636	KEGG pathway curation
KEGG:map00380	Tryptophan metabolism	Pathway	involves	CHEBI:28883	4,8-Dihydroxyquinoline	Bioactive	KEGG	map00380|C05637		review	0.92		KEGG compound C05637	KEGG pathway curation
KEGG:map00380	Tryptophan metabolism	Pathway	involves	CHEBI:28715	5-Hydroxykynurenamine	Bioactive	KEGG	map00380|C05638		review	0.92		KEGG compound C05638	KEGG pathway curation
KEGG:map00380	Tryptophan metabolism	Pathway	involves	CHEBI:28799	4,6-Dihydroxyquinoline	Bioactive	KEGG	map00380|C05639		review	0.92		KEGG compound C05639	KEGG pathway curation
KEGG:map00380	Tryptophan metabolism	Pathway	involves	CHEBI:3715	Cinnavalininate	Bioactive	KEGG	map00380|C05640		review	0.92		KEGG compound C05640	KEGG pathway curation
KEGG:map00380	Tryptophan metabolism	Pathway	involves	CHEBI:2012	5-(3'-Carboxy-3'-oxopropenyl)-4,6-dihydroxypicolinate	Bioactive	KEGG	map00380|C05641		review	0.92		KEGG compound C05641	KEGG pathway curation
KEGG:map00380	Tryptophan metabolism	Pathway	involves	CHEBI:28613	Formyl-N-acetyl-5-methoxykynurenamine	Bioactive	KEGG	map00380|C05642		review	0.92		KEGG compound C05642	KEGG pathway curation
KEGG:map00380	Tryptophan metabolism	Pathway	involves	CHEBI:2198	6-Hydroxymelatonin	Bioactive	KEGG	map00380|C05643		review	0.92		KEGG compound C05643	KEGG pathway curation
KEGG:map00380	Tryptophan metabolism	Pathway	involves	CHEBI:28549	3-Methylindolepyruvate	Bioactive	KEGG	map00380|C05644		review	0.92		KEGG compound C05644	KEGG pathway curation
KEGG:map00380	Tryptophan metabolism	Pathway	involves	CHEBI:27593	4-(2-Amino-3-hydroxyphenyl)-2,4-dioxobutanoate	Bioactive	KEGG	map00380|C05645		review	0.92		KEGG compound C05645	KEGG pathway curation
KEGG:map00380	Tryptophan metabolism	Pathway	involves	CHEBI:27597	5-Hydroxyindolepyruvate	Bioactive	KEGG	map00380|C05646		review	0.92		KEGG compound C05646	KEGG pathway curation
KEGG:map00380	Tryptophan metabolism	Pathway	involves	CHEBI:28736	Formyl-5-hydroxykynurenamine	Bioactive	KEGG	map00380|C05647		review	0.92		KEGG compound C05647	KEGG pathway curation
KEGG:map00380	Tryptophan metabolism	Pathway	involves	CHEBI:2065	5-Hydroxy-N-formylkynurenine	Bioactive	KEGG	map00380|C05648		review	0.92		KEGG compound C05648	KEGG pathway curation
KEGG:map00380	Tryptophan metabolism	Pathway	involves	CHEBI:36408	5-Hydroxykynurenine	Bioactive	KEGG	map00380|C05651		review	0.92		KEGG compound C05651	KEGG pathway curation
KEGG:map00380	Tryptophan metabolism	Pathway	involves	CHEBI:28350	4-(2-Amino-5-hydroxyphenyl)-2,4-dioxobutanoate	Bioactive	KEGG	map00380|C05652		review	0.92		KEGG compound C05652	KEGG pathway curation
KEGG:map00380	Tryptophan metabolism	Pathway	involves	CHEBI:36575	Formylanthranilate	Bioactive	KEGG	map00380|C05653		review	0.92		KEGG compound C05653	KEGG pathway curation
KEGG:map00380	Tryptophan metabolism	Pathway	involves	CHEBI:2010	5-(2'-Formylethyl)-4,6-dihydroxypicolinate	Bioactive	KEGG	map00380|C05654		review	0.92		KEGG compound C05654	KEGG pathway curation
KEGG:map00380	Tryptophan metabolism	Pathway	involves	CHEBI:2009	5-(2'-Carboxyethyl)-4,6-dihydroxypicolinate	Bioactive	KEGG	map00380|C05655		review	0.92		KEGG compound C05655	KEGG pathway curation
KEGG:map00380	Tryptophan metabolism	Pathway	involves	CHEBI:2013	5-(3'-Carboxy-3'-oxopropyl)-4,6-dihydroxypicolinate	Bioactive	KEGG	map00380|C05656		review	0.92		KEGG compound C05656	KEGG pathway curation
KEGG:map00380	Tryptophan metabolism	Pathway	involves	CHEBI:17840	Indoxyl	Bioactive	KEGG	map00380|C05658		review	0.92		KEGG compound C05658	KEGG pathway curation
KEGG:map00380	Tryptophan metabolism	Pathway	involves	CHEBI:2089	5-Methoxytryptamine	Bioactive	KEGG	map00380|C05659		review	0.92		KEGG compound C05659	KEGG pathway curation
KEGG:map00380	Tryptophan metabolism	Pathway	involves	CHEBI:28281	5-Methoxyindoleacetate	Bioactive	KEGG	map00380|C05660		review	0.92		KEGG compound C05660	KEGG pathway curation
KEGG:map00380	Tryptophan metabolism	Pathway	involves	CHEBI:2195	6-Hydroxykynurenate	Bioactive	KEGG	map00380|C05663		review	0.92		KEGG compound C05663	KEGG pathway curation
KEGG:map00380	Tryptophan metabolism	Pathway	involves	CHEBI:2323	8-Methoxykynurenate	Bioactive	KEGG	map00380|C05830		review	0.92		KEGG compound C05830	KEGG pathway curation
KEGG:map00380	Tryptophan metabolism	Pathway	involves	CHEBI:20109	3-Methoxyanthranilate	Bioactive	KEGG	map00380|C05831		review	0.92		KEGG compound C05831	KEGG pathway curation
KEGG:map00380	Tryptophan metabolism	Pathway	involves	CHEBI:27631	5-Hydroxyindoleacetylglycine	Bioactive	KEGG	map00380|C05832		review	0.92		KEGG compound C05832	KEGG pathway curation
KEGG:map00380	Tryptophan metabolism	Pathway	involves	CHEBI:28254	3-Methyldioxyindole	Bioactive	KEGG	map00380|C05834		review	0.92		KEGG compound C05834	KEGG pathway curation
KEGG:map00380	Tryptophan metabolism	Pathway	involves	CHEBI:1098	2-Formaminobenzoylacetate	Bioactive	KEGG	map00380|C05835		review	0.92		KEGG compound C05835	KEGG pathway curation
KEGG:map00380	Tryptophan metabolism	Pathway	involves	CHEBI:29028	Glucobrassicin	Bioactive	KEGG	map00380|C05837		review	0.92		KEGG compound C05837	KEGG pathway curation
KEGG:map00380	Tryptophan metabolism	Pathway	involves	CHEBI:48294	N-Methylserotonin	Bioactive	KEGG	map00380|C06212		review	0.92		KEGG compound C06212	KEGG pathway curation
KEGG:map00380	Tryptophan metabolism	Pathway	involves	CHEBI:28136	N-Methyltryptamine	Bioactive	KEGG	map00380|C06213		review	0.92		KEGG compound C06213	KEGG pathway curation
KEGG:map00380	Tryptophan metabolism	Pathway	involves	CHEBI:9171	Skatole	Bioactive	KEGG	map00380|C08313		review	0.92		KEGG compound C08313	KEGG pathway curation
KEGG:map00380	Tryptophan metabolism	Pathway	involves	CHEBI:28747	Picolinic acid	Bioactive	KEGG	map00380|C10164		review	0.92		KEGG compound C10164	KEGG pathway curation
KEGG:map00380	Tryptophan metabolism	Pathway	involves	CHEBI:80544	Indolylmethylthiohydroximate	Bioactive	KEGG	map00380|C16516		review	0.92		KEGG compound C16516	KEGG pathway curation
KEGG:map00380	Tryptophan metabolism	Pathway	involves	CHEBI:80545	Indolylmethyl-desulfoglucosinolate	Bioactive	KEGG	map00380|C16517		review	0.92		KEGG compound C16517	KEGG pathway curation
KEGG:map00380	Tryptophan metabolism	Pathway	involves	CHEBI:80546	S-(Indolylmethylthiohydroximoyl)-L-cysteine	Bioactive	KEGG	map00380|C16518		review	0.92		KEGG compound C16518	KEGG pathway curation
KEGG:map00380	Tryptophan metabolism	Pathway	involves	CHEBI:80959	N-Hydroxyl-tryptamine	Bioactive	KEGG	map00380|C17203		review	0.92		KEGG compound C17203	KEGG pathway curation
KEGG:map00400	Phenylalanine, tyrosine and tryptophan biosynthesis	Pathway	involves	CHEBI:18021	Phosphoenolpyruvate	Bioactive	KEGG	map00400|C00074		review	0.92		KEGG compound C00074	KEGG pathway curation
KEGG:map00400	Phenylalanine, tyrosine and tryptophan biosynthesis	Pathway	involves	CHEBI:16828	L-Tryptophan	Bioactive	KEGG	map00400|C00078		review	0.92		KEGG compound C00078	KEGG pathway curation
KEGG:map00400	Phenylalanine, tyrosine and tryptophan biosynthesis	Pathway	involves	CHEBI:17295	L-Phenylalanine	Bioactive	KEGG	map00400|C00079		review	0.92		KEGG compound C00079	KEGG pathway curation
KEGG:map00400	Phenylalanine, tyrosine and tryptophan biosynthesis	Pathway	involves	CHEBI:17895	L-Tyrosine	Bioactive	KEGG	map00400|C00082		review	0.92		KEGG compound C00082	KEGG pathway curation
KEGG:map00400	Phenylalanine, tyrosine and tryptophan biosynthesis	Pathway	involves	CHEBI:16567	Anthranilate	Bioactive	KEGG	map00400|C00108		review	0.92		KEGG compound C00108	KEGG pathway curation
KEGG:map00400	Phenylalanine, tyrosine and tryptophan biosynthesis	Pathway	involves	CHEBI:17111	5-Phospho-alpha-D-ribose 1-diphosphate	Bioactive	KEGG	map00400|C00119		review	0.92		KEGG compound C00119	KEGG pathway curation
KEGG:map00400	Phenylalanine, tyrosine and tryptophan biosynthesis	Pathway	involves	CHEBI:18005	Phenylpyruvate	Bioactive	KEGG	map00400|C00166		review	0.92		KEGG compound C00166	KEGG pathway curation
KEGG:map00400	Phenylalanine, tyrosine and tryptophan biosynthesis	Pathway	involves	CHEBI:36062	3,4-Dihydroxybenzoate	Bioactive	KEGG	map00400|C00230		review	0.92		KEGG compound C00230	KEGG pathway curation
KEGG:map00400	Phenylalanine, tyrosine and tryptophan biosynthesis	Pathway	involves	CHEBI:17333	Chorismate	Bioactive	KEGG	map00400|C00251		review	0.92		KEGG compound C00251	KEGG pathway curation
KEGG:map00400	Phenylalanine, tyrosine and tryptophan biosynthesis	Pathway	involves	CHEBI:29934	Prephenate	Bioactive	KEGG	map00400|C00254		review	0.92		KEGG compound C00254	KEGG pathway curation
KEGG:map00400	Phenylalanine, tyrosine and tryptophan biosynthesis	Pathway	involves	CHEBI:48153	D-Erythrose 4-phosphate	Bioactive	KEGG	map00400|C00279		review	0.92		KEGG compound C00279	KEGG pathway curation
KEGG:map00400	Phenylalanine, tyrosine and tryptophan biosynthesis	Pathway	involves	CHEBI:17521	Quinate	Bioactive	KEGG	map00400|C00296		review	0.92		KEGG compound C00296	KEGG pathway curation
KEGG:map00400	Phenylalanine, tyrosine and tryptophan biosynthesis	Pathway	involves	CHEBI:16905	D-Fructose 1,6-bisphosphate	Bioactive	KEGG	map00400|C00354		review	0.92		KEGG compound C00354	KEGG pathway curation
KEGG:map00400	Phenylalanine, tyrosine and tryptophan biosynthesis	Pathway	involves	CHEBI:13086	L-Aspartate 4-semialdehyde	Bioactive	KEGG	map00400|C00441		review	0.92		KEGG compound C00441	KEGG pathway curation
KEGG:map00400	Phenylalanine, tyrosine and tryptophan biosynthesis	Pathway	involves	CHEBI:16881	Indole	Bioactive	KEGG	map00400|C00463		review	0.92		KEGG compound C00463	KEGG pathway curation
KEGG:map00400	Phenylalanine, tyrosine and tryptophan biosynthesis	Pathway	involves	CHEBI:16119	Shikimate	Bioactive	KEGG	map00400|C00493		review	0.92		KEGG compound C00493	KEGG pathway curation
KEGG:map00400	Phenylalanine, tyrosine and tryptophan biosynthesis	Pathway	involves	CHEBI:16193	3-Hydroxybenzoate	Bioactive	KEGG	map00400|C00587		review	0.92		KEGG compound C00587	KEGG pathway curation
KEGG:map00400	Phenylalanine, tyrosine and tryptophan biosynthesis	Pathway	involves	CHEBI:17530	L-Arogenate	Bioactive	KEGG	map00400|C00826		review	0.92		KEGG compound C00826	KEGG pathway curation
KEGG:map00400	Phenylalanine, tyrosine and tryptophan biosynthesis	Pathway	involves	CHEBI:17947	3-Dehydroquinate	Bioactive	KEGG	map00400|C00944		review	0.92		KEGG compound C00944	KEGG pathway curation
KEGG:map00400	Phenylalanine, tyrosine and tryptophan biosynthesis	Pathway	involves	CHEBI:18105	D-Fructose 1-phosphate	Bioactive	KEGG	map00400|C01094		review	0.92		KEGG compound C01094	KEGG pathway curation
KEGG:map00400	Phenylalanine, tyrosine and tryptophan biosynthesis	Pathway	involves	CHEBI:15999	3-(4-Hydroxyphenyl)pyruvate	Bioactive	KEGG	map00400|C01179		review	0.92		KEGG compound C01179	KEGG pathway curation
KEGG:map00400	Phenylalanine, tyrosine and tryptophan biosynthesis	Pathway	involves	CHEBI:16257	5-O-(1-Carboxyvinyl)-3-phosphoshikimate	Bioactive	KEGG	map00400|C01269		review	0.92		KEGG compound C01269	KEGG pathway curation
KEGG:map00400	Phenylalanine, tyrosine and tryptophan biosynthesis	Pathway	involves	CHEBI:29112	1-(2-Carboxyphenylamino)-1-deoxy-D-ribulose 5-phosphate	Bioactive	KEGG	map00400|C01302		review	0.92		KEGG compound C01302	KEGG pathway curation
KEGG:map00400	Phenylalanine, tyrosine and tryptophan biosynthesis	Pathway	involves	CHEBI:16630	3-Dehydroshikimate	Bioactive	KEGG	map00400|C02637		review	0.92		KEGG compound C02637	KEGG pathway curation
KEGG:map00400	Phenylalanine, tyrosine and tryptophan biosynthesis	Pathway	involves	CHEBI:17052	Shikimate 3-phosphate	Bioactive	KEGG	map00400|C03175		review	0.92		KEGG compound C03175	KEGG pathway curation
KEGG:map00400	Phenylalanine, tyrosine and tryptophan biosynthesis	Pathway	involves	CHEBI:18299	Indoleglycerol phosphate	Bioactive	KEGG	map00400|C03506		review	0.92		KEGG compound C03506	KEGG pathway curation
KEGG:map00400	Phenylalanine, tyrosine and tryptophan biosynthesis	Pathway	involves	CHEBI:7091	N-(5-Phospho-D-ribosyl)anthranilate	Bioactive	KEGG	map00400|C04302		review	0.92		KEGG compound C04302	KEGG pathway curation
KEGG:map00400	Phenylalanine, tyrosine and tryptophan biosynthesis	Pathway	involves	CHEBI:18150	2-Dehydro-3-deoxy-D-arabino-heptonate 7-phosphate	Bioactive	KEGG	map00400|C04691		review	0.92		KEGG compound C04691	KEGG pathway curation
KEGG:map00400	Phenylalanine, tyrosine and tryptophan biosynthesis	Pathway	involves	CHEBI:51284	6-Deoxy-5-ketofructose 1-phosphate	Bioactive	KEGG	map00400|C16848		review	0.92		KEGG compound C16848	KEGG pathway curation
KEGG:map00400	Phenylalanine, tyrosine and tryptophan biosynthesis	Pathway	involves	CHEBI:51282	2-Amino-3,7-dideoxy-D-threo-hept-6-ulosonic acid	Bioactive	KEGG	map00400|C16850		review	0.92		KEGG compound C16850	KEGG pathway curation
KEGG:map00400	Phenylalanine, tyrosine and tryptophan biosynthesis	Pathway	involves	CHEBI:43103	L-Homophenylalanine	Bioactive	KEGG	map00400|C17235		review	0.92		KEGG compound C17235	KEGG pathway curation
KEGG:map00400	Phenylalanine, tyrosine and tryptophan biosynthesis	Pathway	involves	CHEBI:181422	2-Oxo-4-phenylbutyric acid	Bioactive	KEGG	map00400|C20327		review	0.92		KEGG compound C20327	KEGG pathway curation
KEGG:map00400	Phenylalanine, tyrosine and tryptophan biosynthesis	Pathway	involves	CHEBI:181931	2-Benzylmalic acid	Bioactive	KEGG	map00400|C20653		review	0.92		KEGG compound C20653	KEGG pathway curation
KEGG:map00400	Phenylalanine, tyrosine and tryptophan biosynthesis	Pathway	involves	CHEBI:179102	3-Benzylmalic acid	Bioactive	KEGG	map00400|C20654		review	0.92		KEGG compound C20654	KEGG pathway curation
KEGG:map00920	Sulfur metabolism	Pathway	involves	CHEBI:15366	Acetate	Bioactive	KEGG	map00920|C00033		review	0.92		KEGG compound C00033	KEGG pathway curation
KEGG:map00920	Sulfur metabolism	Pathway	involves	CHEBI:15741	Succinate	Bioactive	KEGG	map00920|C00042		review	0.92		KEGG compound C00042	KEGG pathway curation
KEGG:map00920	Sulfur metabolism	Pathway	involves	CHEBI:17980	3'-Phosphoadenylyl sulfate	Bioactive	KEGG	map00920|C00053		review	0.92		KEGG compound C00053	KEGG pathway curation
KEGG:map00920	Sulfur metabolism	Pathway	involves	CHEBI:17985	Adenosine 3',5'-bisphosphate	Bioactive	KEGG	map00920|C00054		review	0.92		KEGG compound C00054	KEGG pathway curation
KEGG:map00920	Sulfur metabolism	Pathway	involves	CHEBI:16189	Sulfate	Bioactive	KEGG	map00920|C00059		review	0.92		KEGG compound C00059	KEGG pathway curation
KEGG:map00920	Sulfur metabolism	Pathway	involves	CHEBI:17115	L-Serine	Bioactive	KEGG	map00920|C00065		review	0.92		KEGG compound C00065	KEGG pathway curation
KEGG:map00920	Sulfur metabolism	Pathway	involves	CHEBI:16643	L-Methionine	Bioactive	KEGG	map00920|C00073		review	0.92		KEGG compound C00073	KEGG pathway curation
KEGG:map00920	Sulfur metabolism	Pathway	involves	CHEBI:15343	Acetaldehyde	Bioactive	KEGG	map00920|C00084		review	0.92		KEGG compound C00084	KEGG pathway curation
KEGG:map00920	Sulfur metabolism	Pathway	involves	CHEBI:17909	Sulfur	Bioactive	KEGG	map00920|C00087		review	0.92		KEGG compound C00087	KEGG pathway curation
KEGG:map00920	Sulfur metabolism	Pathway	involves	CHEBI:48854	Sulfite	Bioactive	KEGG	map00920|C00094		review	0.92		KEGG compound C00094	KEGG pathway curation
KEGG:map00920	Sulfur metabolism	Pathway	involves	CHEBI:17561	L-Cysteine	Bioactive	KEGG	map00920|C00097		review	0.92		KEGG compound C00097	KEGG pathway curation
KEGG:map00920	Sulfur metabolism	Pathway	involves	CHEBI:17588	L-Homocysteine	Bioactive	KEGG	map00920|C00155		review	0.92		KEGG compound C00155	KEGG pathway curation
KEGG:map00920	Sulfur metabolism	Pathway	involves	CHEBI:17272	Propanoate	Bioactive	KEGG	map00920|C00163		review	0.92		KEGG compound C00163	KEGG pathway curation
KEGG:map00920	Sulfur metabolism	Pathway	involves	CHEBI:17709	Adenylyl sulfate	Bioactive	KEGG	map00920|C00224		review	0.92		KEGG compound C00224	KEGG pathway curation
KEGG:map00920	Sulfur metabolism	Pathway	involves	CHEBI:15891	Taurine	Bioactive	KEGG	map00920|C00245		review	0.92		KEGG compound C00245	KEGG pathway curation
KEGG:map00920	Sulfur metabolism	Pathway	involves	CHEBI:15699	L-Homoserine	Bioactive	KEGG	map00920|C00263		review	0.92		KEGG compound C00263	KEGG pathway curation
KEGG:map00920	Sulfur metabolism	Pathway	involves	CHEBI:16136	Hydrogen sulfide	Bioactive	KEGG	map00920|C00283		review	0.92		KEGG compound C00283	KEGG pathway curation
KEGG:map00920	Sulfur metabolism	Pathway	involves	CHEBI:33539	Thiosulfate	Bioactive	KEGG	map00920|C00320		review	0.92		KEGG compound C00320	KEGG pathway curation
KEGG:map00920	Sulfur metabolism	Pathway	involves	CHEBI:16007	Methanethiol	Bioactive	KEGG	map00920|C00409		review	0.92		KEGG compound C00409	KEGG pathway curation
KEGG:map00920	Sulfur metabolism	Pathway	involves	CHEBI:18308	Acrylic acid	Bioactive	KEGG	map00920|C00511		review	0.92		KEGG compound C00511	KEGG pathway curation
KEGG:map00920	Sulfur metabolism	Pathway	involves	CHEBI:17437	Dimethyl sulfide	Bioactive	KEGG	map00920|C00580		review	0.92		KEGG compound C00580	KEGG pathway curation
KEGG:map00920	Sulfur metabolism	Pathway	involves	CHEBI:15513	Propenoyl-CoA	Bioactive	KEGG	map00920|C00894		review	0.92		KEGG compound C00894	KEGG pathway curation
KEGG:map00920	Sulfur metabolism	Pathway	involves	CHEBI:17981	O-Acetyl-L-serine	Bioactive	KEGG	map00920|C00979		review	0.92		KEGG compound C00979	KEGG pathway curation
KEGG:map00920	Sulfur metabolism	Pathway	involves	CHEBI:16510	3-Hydroxypropanoate	Bioactive	KEGG	map00920|C01013		review	0.92		KEGG compound C01013	KEGG pathway curation
KEGG:map00920	Sulfur metabolism	Pathway	involves	CHEBI:16160	O-Succinyl-L-homoserine	Bioactive	KEGG	map00920|C01118		review	0.92		KEGG compound C01118	KEGG pathway curation
KEGG:map00920	Sulfur metabolism	Pathway	involves	CHEBI:16723	4-Methylthio-2-oxobutanoic acid	Bioactive	KEGG	map00920|C01180		review	0.92		KEGG compound C01180	KEGG pathway curation
KEGG:map00920	Sulfur metabolism	Pathway	involves	CHEBI:15987	Trithionate	Bioactive	KEGG	map00920|C01861		review	0.92		KEGG compound C01861	KEGG pathway curation
KEGG:map00920	Sulfur metabolism	Pathway	involves	CHEBI:15226	Tetrathionate	Bioactive	KEGG	map00920|C02084		review	0.92		KEGG compound C02084	KEGG pathway curation
KEGG:map00920	Sulfur metabolism	Pathway	involves	CHEBI:17728	S-Methyl-L-methionine	Bioactive	KEGG	map00920|C03172		review	0.92		KEGG compound C03172	KEGG pathway curation
KEGG:map00920	Sulfur metabolism	Pathway	involves	CHEBI:17827	2-(Methylthio)ethanesulfonate	Bioactive	KEGG	map00920|C03920		review	0.92		KEGG compound C03920	KEGG pathway curation
KEGG:map00920	Sulfur metabolism	Pathway	involves	CHEBI:16457	S,S-Dimethyl-beta-propiothetin	Bioactive	KEGG	map00920|C04022		review	0.92		KEGG compound C04022	KEGG pathway curation
KEGG:map00920	Sulfur metabolism	Pathway	involves	CHEBI:1438	3-(Methylthio)propanoate	Bioactive	KEGG	map00920|C08276		review	0.92		KEGG compound C08276	KEGG pathway curation
KEGG:map00920	Sulfur metabolism	Pathway	involves	CHEBI:9349	Dimethyl sulfone	Bioactive	KEGG	map00920|C11142		review	0.92		KEGG compound C11142	KEGG pathway curation
KEGG:map00920	Sulfur metabolism	Pathway	involves	CHEBI:28262	Dimethyl sulfoxide	Bioactive	KEGG	map00920|C11143		review	0.92		KEGG compound C11143	KEGG pathway curation
KEGG:map00920	Sulfur metabolism	Pathway	involves	CHEBI:27376	Methanesulfonic acid	Bioactive	KEGG	map00920|C11145		review	0.92		KEGG compound C11145	KEGG pathway curation
KEGG:map00920	Sulfur metabolism	Pathway	involves	CHEBI:62081	Alkanesulfonate	Bioactive	KEGG	map00920|C15521		review	0.92		KEGG compound C15521	KEGG pathway curation
KEGG:map00920	Sulfur metabolism	Pathway	involves	CHEBI:52857	S-Sulfanylglutathione	Bioactive	KEGG	map00920|C17267		review	0.92		KEGG compound C17267	KEGG pathway curation
KEGG:map00540	Lipopolysaccharide biosynthesis	Pathway	involves	CHEBI:16264	UDP-N-acetyl-alpha-D-glucosamine	Bioactive	KEGG	map00540|C00043		review	0.92		KEGG compound C00043	KEGG pathway curation
KEGG:map00540	Lipopolysaccharide biosynthesis	Pathway	involves	CHEBI:18359	Acyl-carrier protein	Bioactive	KEGG	map00540|C00229		review	0.92		KEGG compound C00229	KEGG pathway curation
KEGG:map00540	Lipopolysaccharide biosynthesis	Pathway	involves	CHEBI:16064	3-Deoxy-D-manno-octulosonate	Bioactive	KEGG	map00540|C01187		review	0.92		KEGG compound C01187	KEGG pathway curation
KEGG:map00540	Lipopolysaccharide biosynthesis	Pathway	involves	CHEBI:86284	CMP-3-deoxy-D-manno-octulosonate	Bioactive	KEGG	map00540|C04121		review	0.92		KEGG compound C04121	KEGG pathway curation
KEGG:map00540	Lipopolysaccharide biosynthesis	Pathway	involves	CHEBI:17787	UDP-2,3-bis(3-hydroxytetradecanoyl)glucosamine	Bioactive	KEGG	map00540|C04652		review	0.92		KEGG compound C04652	KEGG pathway curation
KEGG:map00540	Lipopolysaccharide biosynthesis	Pathway	involves	CHEBI:61537	UDP-3-O-(3-hydroxytetradecanoyl)-N-acetylglucosamine	Bioactive	KEGG	map00540|C04738		review	0.92		KEGG compound C04738	KEGG pathway curation
KEGG:map00540	Lipopolysaccharide biosynthesis	Pathway	involves	CHEBI:16942	Lipid X	Bioactive	KEGG	map00540|C04824		review	0.92		KEGG compound C04824	KEGG pathway curation
KEGG:map00540	Lipopolysaccharide biosynthesis	Pathway	involves	CHEBI:29056	2,3,2'3'-Tetrakis(3-hydroxytetradecanoyl)-D-glucosaminyl-1,6-beta-D-glucosamine 1,4'-bisphosphate	Bioactive	KEGG	map00540|C04919		review	0.92		KEGG compound C04919	KEGG pathway curation
KEGG:map00540	Lipopolysaccharide biosynthesis	Pathway	involves	CHEBI:18380	Lipid A disaccharide	Bioactive	KEGG	map00540|C04932		review	0.92		KEGG compound C04932	KEGG pathway curation
KEGG:map00540	Lipopolysaccharide biosynthesis	Pathway	involves	CHEBI:50651	Tetradecanoyl-[acp]	Bioactive	KEGG	map00540|C05761		review	0.92		KEGG compound C05761	KEGG pathway curation
KEGG:map00540	Lipopolysaccharide biosynthesis	Pathway	involves	CHEBI:71619	UDP-3-O-(3-hydroxytetradecanoyl)-D-glucosamine	Bioactive	KEGG	map00540|C06022		review	0.92		KEGG compound C06022	KEGG pathway curation
KEGG:map00540	Lipopolysaccharide biosynthesis	Pathway	involves	CHEBI:27439	3-Deoxy-D-manno-octulosonyl-lipid IV(A)	Bioactive	KEGG	map00540|C06024		review	0.92		KEGG compound C06024	KEGG pathway curation
KEGG:map00540	Lipopolysaccharide biosynthesis	Pathway	involves	CHEBI:28526	KDO2-lipid IVA	Bioactive	KEGG	map00540|C06025		review	0.92		KEGG compound C06025	KEGG pathway curation
KEGG:map00540	Lipopolysaccharide biosynthesis	Pathway	involves	CHEBI:27963	KDO2-lipid A	Bioactive	KEGG	map00540|C06026		review	0.92		KEGG compound C06026	KEGG pathway curation
KEGG:map00540	Lipopolysaccharide biosynthesis	Pathway	involves	CHEBI:27422	Lauroyl-KDO2-lipid IV(A)	Bioactive	KEGG	map00540|C06251		review	0.92		KEGG compound C06251	KEGG pathway curation
KEGG:map00540	Lipopolysaccharide biosynthesis	Pathway	involves	CHEBI:15915	ADP-L-glycero-beta-D-manno-heptose	Bioactive	KEGG	map00540|C06398		review	0.92		KEGG compound C06398	KEGG pathway curation
KEGG:map00540	Lipopolysaccharide biosynthesis	Pathway	involves	CHEBI:47039	Undecaprenyl phosphate alpha-L-Ara4N	Bioactive	KEGG	map00540|C16157		review	0.92		KEGG compound C16157	KEGG pathway curation
KEGG:map00500	Starch and sucrose metabolism	Pathway	involves	CHEBI:18066	UDP-glucose	Bioactive	KEGG	map00500|C00029		review	0.92		KEGG compound C00029	KEGG pathway curation
KEGG:map00500	Starch and sucrose metabolism	Pathway	involves	CHEBI:4167	D-Glucose	Bioactive	KEGG	map00500|C00031		review	0.92		KEGG compound C00031	KEGG pathway curation
KEGG:map00500	Starch and sucrose metabolism	Pathway	involves	CHEBI:15946	D-Fructose 6-phosphate	Bioactive	KEGG	map00500|C00085		review	0.92		KEGG compound C00085	KEGG pathway curation
KEGG:map00500	Starch and sucrose metabolism	Pathway	involves	CHEBI:17992	Sucrose	Bioactive	KEGG	map00500|C00089		review	0.92		KEGG compound C00089	KEGG pathway curation
KEGG:map00500	Starch and sucrose metabolism	Pathway	involves	CHEBI:4170	D-Glucose 6-phosphate	Bioactive	KEGG	map00500|C00092		review	0.92		KEGG compound C00092	KEGG pathway curation
KEGG:map00500	Starch and sucrose metabolism	Pathway	involves	CHEBI:15824	D-Fructose	Bioactive	KEGG	map00500|C00095		review	0.92		KEGG compound C00095	KEGG pathway curation
KEGG:map00500	Starch and sucrose metabolism	Pathway	involves	CHEBI:29042	D-Glucose 1-phosphate	Bioactive	KEGG	map00500|C00103		review	0.92		KEGG compound C00103	KEGG pathway curation
KEGG:map00500	Starch and sucrose metabolism	Pathway	involves	CHEBI:17057	Cellobiose	Bioactive	KEGG	map00500|C00185		review	0.92		KEGG compound C00185	KEGG pathway curation
KEGG:map00500	Starch and sucrose metabolism	Pathway	involves	CHEBI:17306	Maltose	Bioactive	KEGG	map00500|C00208		review	0.92		KEGG compound C00208	KEGG pathway curation
KEGG:map00500	Starch and sucrose metabolism	Pathway	involves	CHEBI:28189	Isomaltose	Bioactive	KEGG	map00500|C00252		review	0.92		KEGG compound C00252	KEGG pathway curation
KEGG:map00500	Starch and sucrose metabolism	Pathway	involves	CHEBI:28017	Starch	Bioactive	KEGG	map00500|C00369		review	0.92		KEGG compound C00369	KEGG pathway curation
KEGG:map00500	Starch and sucrose metabolism	Pathway	involves	CHEBI:18269	Dextran	Bioactive	KEGG	map00500|C00372		review	0.92		KEGG compound C00372	KEGG pathway curation
KEGG:map00500	Starch and sucrose metabolism	Pathway	involves	CHEBI:17383	GDP-glucose	Bioactive	KEGG	map00500|C00394		review	0.92		KEGG compound C00394	KEGG pathway curation
KEGG:map00500	Starch and sucrose metabolism	Pathway	involves	CHEBI:15751	ADP-glucose	Bioactive	KEGG	map00500|C00498		review	0.92		KEGG compound C00498	KEGG pathway curation
KEGG:map00500	Starch and sucrose metabolism	Pathway	involves	CHEBI:28942	CDP-glucose	Bioactive	KEGG	map00500|C00501		review	0.92		KEGG compound C00501	KEGG pathway curation
KEGG:map00500	Starch and sucrose metabolism	Pathway	involves	CHEBI:16218	beta-D-Glucose 1-phosphate	Bioactive	KEGG	map00500|C00663		review	0.92		KEGG compound C00663	KEGG pathway curation
KEGG:map00500	Starch and sucrose metabolism	Pathway	involves	CHEBI:18283	alpha,alpha'-Trehalose 6-phosphate	Bioactive	KEGG	map00500|C00689		review	0.92		KEGG compound C00689	KEGG pathway curation
KEGG:map00500	Starch and sucrose metabolism	Pathway	involves	CHEBI:28102	Amylose	Bioactive	KEGG	map00500|C00718		review	0.92		KEGG compound C00718	KEGG pathway curation
KEGG:map00500	Starch and sucrose metabolism	Pathway	involves	CHEBI:28675	Dextrin	Bioactive	KEGG	map00500|C00721		review	0.92		KEGG compound C00721	KEGG pathway curation
KEGG:map00500	Starch and sucrose metabolism	Pathway	involves	CHEBI:18246	Cellulose	Bioactive	KEGG	map00500|C00760		review	0.92		KEGG compound C00760	KEGG pathway curation
KEGG:map00500	Starch and sucrose metabolism	Pathway	involves	CHEBI:22798	beta-D-Glucoside	Bioactive	KEGG	map00500|C00963		review	0.92		KEGG compound C00963	KEGG pathway curation
KEGG:map00500	Starch and sucrose metabolism	Pathway	involves	CHEBI:37671	1,3-beta-D-Glucan	Bioactive	KEGG	map00500|C00965		review	0.92		KEGG compound C00965	KEGG pathway curation
KEGG:map00500	Starch and sucrose metabolism	Pathway	involves	CHEBI:17623	Cyclomaltodextrin	Bioactive	KEGG	map00500|C00973		review	0.92		KEGG compound C00973	KEGG pathway curation
KEGG:map00500	Starch and sucrose metabolism	Pathway	involves	CHEBI:16551	alpha,alpha-Trehalose	Bioactive	KEGG	map00500|C01083		review	0.92		KEGG compound C01083	KEGG pathway curation
KEGG:map00500	Starch and sucrose metabolism	Pathway	involves	CHEBI:18148	alpha-D-Glucose 1,6-bisphosphate	Bioactive	KEGG	map00500|C01231		review	0.92		KEGG compound C01231	KEGG pathway curation
KEGG:map00500	Starch and sucrose metabolism	Pathway	involves	CHEBI:6435	Levanbiose	Bioactive	KEGG	map00500|C01725		review	0.92		KEGG compound C01725	KEGG pathway curation
KEGG:map00500	Starch and sucrose metabolism	Pathway	involves	CHEBI:3523	Cellodextrin	Bioactive	KEGG	map00500|C01898		review	0.92		KEGG compound C01898	KEGG pathway curation
KEGG:map00500	Starch and sucrose metabolism	Pathway	involves	CHEBI:18398	Maltodextrin	Bioactive	KEGG	map00500|C01935		review	0.92		KEGG compound C01935	KEGG pathway curation
KEGG:map00500	Starch and sucrose metabolism	Pathway	involves	CHEBI:16308	Sucrose 6'-phosphate	Bioactive	KEGG	map00500|C02591		review	0.92		KEGG compound C02591	KEGG pathway curation
KEGG:map00500	Starch and sucrose metabolism	Pathway	involves	CHEBI:15703	Maltose 6'-phosphate	Bioactive	KEGG	map00500|C02995		review	0.92		KEGG compound C02995	KEGG pathway curation
KEGG:map00500	Starch and sucrose metabolism	Pathway	involves	CHEBI:15443	(2,1-beta-D-Fructosyl)n	Bioactive	KEGG	map00500|C03323		review	0.92		KEGG compound C03323	KEGG pathway curation
KEGG:map00500	Starch and sucrose metabolism	Pathway	involves	CHEBI:2233	6-Phospho-beta-D-glucosyl-(1,4)-D-glucose	Bioactive	KEGG	map00500|C04534		review	0.92		KEGG compound C04534	KEGG pathway curation
KEGG:map00500	Starch and sucrose metabolism	Pathway	involves	CHEBI:17429	3-Ketosucrose	Bioactive	KEGG	map00500|C05731		review	0.92		KEGG compound C05731	KEGG pathway curation
KEGG:map00500	Starch and sucrose metabolism	Pathway	involves	CHEBI:16703	Levan	Bioactive	KEGG	map00500|C06215		review	0.92		KEGG compound C06215	KEGG pathway curation
KEGG:map00500	Starch and sucrose metabolism	Pathway	involves	CHEBI:28778	1-alpha-D-[(1->4)-alpha-D-Glucosyl](n-1)-alpha-D-glucopyranoside	Bioactive	KEGG	map00500|C06400		review	0.92		KEGG compound C06400	KEGG pathway curation
KEGG:map00500	Starch and sucrose metabolism	Pathway	involves	CHEBI:131603	Sucrose 6-phosphate	Bioactive	KEGG	map00500|C16688		review	0.92		KEGG compound C16688	KEGG pathway curation
KEGG:map00010	Glycolysis / Gluconeogenesis	Pathway	involves	CHEBI:15361	Pyruvate	Bioactive	KEGG	map00010|C00022		review	0.88		KEGG compound C00022	KEGG pathway curation
KEGG:map00010	Glycolysis / Gluconeogenesis	Pathway	involves	CHEBI:15351	Acetyl-CoA	Bioactive	KEGG	map00010|C00024		review	0.88		KEGG compound C00024	KEGG pathway curation
KEGG:map00010	Glycolysis / Gluconeogenesis	Pathway	involves	CHEBI:4167	D-Glucose	Bioactive	KEGG	map00010|C00031		review	0.88		KEGG compound C00031	KEGG pathway curation
KEGG:map00010	Glycolysis / Gluconeogenesis	Pathway	involves	CHEBI:15366	Acetate	Bioactive	KEGG	map00010|C00033		review	0.88		KEGG compound C00033	KEGG pathway curation
KEGG:map00010	Glycolysis / Gluconeogenesis	Pathway	involves	CHEBI:16452	Oxaloacetate	Bioactive	KEGG	map00010|C00036		review	0.88		KEGG compound C00036	KEGG pathway curation
KEGG:map00010	Glycolysis / Gluconeogenesis	Pathway	involves	CHEBI:9532	Thiamin diphosphate	Bioactive	KEGG	map00010|C00068		review	0.88		KEGG compound C00068	KEGG pathway curation
KEGG:map00010	Glycolysis / Gluconeogenesis	Pathway	involves	CHEBI:18021	Phosphoenolpyruvate	Bioactive	KEGG	map00010|C00074		review	0.88		KEGG compound C00074	KEGG pathway curation
KEGG:map00010	Glycolysis / Gluconeogenesis	Pathway	involves	CHEBI:15343	Acetaldehyde	Bioactive	KEGG	map00010|C00084		review	0.88		KEGG compound C00084	KEGG pathway curation
KEGG:map00010	Glycolysis / Gluconeogenesis	Pathway	involves	CHEBI:15946	D-Fructose 6-phosphate	Bioactive	KEGG	map00010|C00085		review	0.88		KEGG compound C00085	KEGG pathway curation
KEGG:map00010	Glycolysis / Gluconeogenesis	Pathway	involves	CHEBI:29042	D-Glucose 1-phosphate	Bioactive	KEGG	map00010|C00103		review	0.88		KEGG compound C00103	KEGG pathway curation
KEGG:map00010	Glycolysis / Gluconeogenesis	Pathway	involves	CHEBI:16108	Glycerone phosphate	Bioactive	KEGG	map00010|C00111		review	0.88		KEGG compound C00111	KEGG pathway curation
KEGG:map00010	Glycolysis / Gluconeogenesis	Pathway	involves	CHEBI:29052	D-Glyceraldehyde 3-phosphate	Bioactive	KEGG	map00010|C00118		review	0.88		KEGG compound C00118	KEGG pathway curation
KEGG:map00010	Glycolysis / Gluconeogenesis	Pathway	involves	CHEBI:422	(S)-Lactate	Bioactive	KEGG	map00010|C00186		review	0.88		KEGG compound C00186	KEGG pathway curation
KEGG:map00010	Glycolysis / Gluconeogenesis	Pathway	involves	CHEBI:17794	3-Phospho-D-glycerate	Bioactive	KEGG	map00010|C00197		review	0.88		KEGG compound C00197	KEGG pathway curation
KEGG:map00010	Glycolysis / Gluconeogenesis	Pathway	involves	CHEBI:15903	beta-D-Glucose	Bioactive	KEGG	map00010|C00221		review	0.88		KEGG compound C00221	KEGG pathway curation
KEGG:map00010	Glycolysis / Gluconeogenesis	Pathway	involves	CHEBI:16001	3-Phospho-D-glyceroyl phosphate	Bioactive	KEGG	map00010|C00236		review	0.88		KEGG compound C00236	KEGG pathway curation
KEGG:map00010	Glycolysis / Gluconeogenesis	Pathway	involves	CHEBI:17925	alpha-D-Glucose	Bioactive	KEGG	map00010|C00267		review	0.88		KEGG compound C00267	KEGG pathway curation
KEGG:map00010	Glycolysis / Gluconeogenesis	Pathway	involves	CHEBI:16905	D-Fructose 1,6-bisphosphate	Bioactive	KEGG	map00010|C00354		review	0.88		KEGG compound C00354	KEGG pathway curation
KEGG:map00010	Glycolysis / Gluconeogenesis	Pathway	involves	CHEBI:16236	Ethanol	Bioactive	KEGG	map00010|C00469		review	0.88		KEGG compound C00469	KEGG pathway curation
KEGG:map00010	Glycolysis / Gluconeogenesis	Pathway	involves	CHEBI:17835	2-Phospho-D-glycerate	Bioactive	KEGG	map00010|C00631		review	0.88		KEGG compound C00631	KEGG pathway curation
KEGG:map00010	Glycolysis / Gluconeogenesis	Pathway	involves	CHEBI:17665	alpha-D-Glucose 6-phosphate	Bioactive	KEGG	map00010|C00668		review	0.88		KEGG compound C00668	KEGG pathway curation
KEGG:map00010	Glycolysis / Gluconeogenesis	Pathway	involves	CHEBI:17720	2,3-Bisphospho-D-glycerate	Bioactive	KEGG	map00010|C01159		review	0.88		KEGG compound C01159	KEGG pathway curation
KEGG:map00010	Glycolysis / Gluconeogenesis	Pathway	involves	CHEBI:17719	beta-D-Glucose 6-phosphate	Bioactive	KEGG	map00010|C01172		review	0.88		KEGG compound C01172	KEGG pathway curation
KEGG:map00010	Glycolysis / Gluconeogenesis	Pathway	involves	CHEBI:17814	Salicin	Bioactive	KEGG	map00010|C01451		review	0.88		KEGG compound C01451	KEGG pathway curation
KEGG:map00010	Glycolysis / Gluconeogenesis	Pathway	involves	CHEBI:978	2-(alpha-Hydroxyethyl)thiamine diphosphate	Bioactive	KEGG	map00010|C05125		review	0.88		KEGG compound C05125	KEGG pathway curation
KEGG:map00010	Glycolysis / Gluconeogenesis	Pathway	involves	CHEBI:18305	Arbutin	Bioactive	KEGG	map00010|C06186		review	0.88		KEGG compound C06186	KEGG pathway curation
KEGG:map00010	Glycolysis / Gluconeogenesis	Pathway	involves	CHEBI:2807	Arbutin 6-phosphate	Bioactive	KEGG	map00010|C06187		review	0.88		KEGG compound C06187	KEGG pathway curation
KEGG:map00010	Glycolysis / Gluconeogenesis	Pathway	involves	CHEBI:9003	Salicin 6-phosphate	Bioactive	KEGG	map00010|C06188		review	0.88		KEGG compound C06188	KEGG pathway curation
KEGG:map00010	Glycolysis / Gluconeogenesis	Pathway	involves	CHEBI:80218	Enzyme N6-(lipoyl)lysine	Bioactive	KEGG	map00010|C15972		review	0.88		KEGG compound C15972	KEGG pathway curation
KEGG:map00010	Glycolysis / Gluconeogenesis	Pathway	involves	CHEBI:80219	Enzyme N6-(dihydrolipoyl)lysine	Bioactive	KEGG	map00010|C15973		review	0.88		KEGG compound C15973	KEGG pathway curation
KEGG:map00010	Glycolysis / Gluconeogenesis	Pathway	involves	CHEBI:80404	[Dihydrolipoyllysine-residue acetyltransferase] S-acetyldihydrolipoyllysine	Bioactive	KEGG	map00010|C16255		review	0.88		KEGG compound C16255	KEGG pathway curation
KEGG:map02060	Phosphotransferase system (PTS)	Pathway	involves	CHEBI:15361	Pyruvate	Bioactive	KEGG	map02060|C00022		review	0.88		KEGG compound C00022	KEGG pathway curation
KEGG:map02060	Phosphotransferase system (PTS)	Pathway	involves	CHEBI:4167	D-Glucose	Bioactive	KEGG	map02060|C00031		review	0.88		KEGG compound C00031	KEGG pathway curation
KEGG:map02060	Phosphotransferase system (PTS)	Pathway	involves	CHEBI:29073	Ascorbate	Bioactive	KEGG	map02060|C00072		review	0.88		KEGG compound C00072	KEGG pathway curation
KEGG:map02060	Phosphotransferase system (PTS)	Pathway	involves	CHEBI:18021	Phosphoenolpyruvate	Bioactive	KEGG	map02060|C00074		review	0.88		KEGG compound C00074	KEGG pathway curation
KEGG:map02060	Phosphotransferase system (PTS)	Pathway	involves	CHEBI:17992	Sucrose	Bioactive	KEGG	map02060|C00089		review	0.88		KEGG compound C00089	KEGG pathway curation
KEGG:map02060	Phosphotransferase system (PTS)	Pathway	involves	CHEBI:4170	D-Glucose 6-phosphate	Bioactive	KEGG	map02060|C00092		review	0.88		KEGG compound C00092	KEGG pathway curation
KEGG:map02060	Phosphotransferase system (PTS)	Pathway	involves	CHEBI:15824	D-Fructose	Bioactive	KEGG	map02060|C00095		review	0.88		KEGG compound C00095	KEGG pathway curation
KEGG:map02060	Phosphotransferase system (PTS)	Pathway	involves	CHEBI:4139	D-Galactose	Bioactive	KEGG	map02060|C00124		review	0.88		KEGG compound C00124	KEGG pathway curation
KEGG:map02060	Phosphotransferase system (PTS)	Pathway	involves	CHEBI:506227	N-Acetyl-D-glucosamine	Bioactive	KEGG	map02060|C00140		review	0.88		KEGG compound C00140	KEGG pathway curation
KEGG:map02060	Phosphotransferase system (PTS)	Pathway	involves	CHEBI:4208	D-Mannose	Bioactive	KEGG	map02060|C00159		review	0.88		KEGG compound C00159	KEGG pathway curation
KEGG:map02060	Phosphotransferase system (PTS)	Pathway	involves	CHEBI:17057	Cellobiose	Bioactive	KEGG	map02060|C00185		review	0.88		KEGG compound C00185	KEGG pathway curation
KEGG:map02060	Phosphotransferase system (PTS)	Pathway	involves	CHEBI:17306	Maltose	Bioactive	KEGG	map02060|C00208		review	0.88		KEGG compound C00208	KEGG pathway curation
KEGG:map02060	Phosphotransferase system (PTS)	Pathway	involves	CHEBI:17716	Lactose	Bioactive	KEGG	map02060|C00243		review	0.88		KEGG compound C00243	KEGG pathway curation
KEGG:map02060	Phosphotransferase system (PTS)	Pathway	involves	CHEBI:17369	D-Mannose 6-phosphate	Bioactive	KEGG	map02060|C00275		review	0.88		KEGG compound C00275	KEGG pathway curation
KEGG:map02060	Phosphotransferase system (PTS)	Pathway	involves	CHEBI:47977	D-Glucosamine	Bioactive	KEGG	map02060|C00329		review	0.88		KEGG compound C00329	KEGG pathway curation
KEGG:map02060	Phosphotransferase system (PTS)	Pathway	involves	CHEBI:15873	D-Glucosamine 6-phosphate	Bioactive	KEGG	map02060|C00352		review	0.88		KEGG compound C00352	KEGG pathway curation
KEGG:map02060	Phosphotransferase system (PTS)	Pathway	involves	CHEBI:16905	D-Fructose 1,6-bisphosphate	Bioactive	KEGG	map02060|C00354		review	0.88		KEGG compound C00354	KEGG pathway curation
KEGG:map02060	Phosphotransferase system (PTS)	Pathway	involves	CHEBI:15784	N-Acetyl-D-glucosamine 6-phosphate	Bioactive	KEGG	map02060|C00357		review	0.88		KEGG compound C00357	KEGG pathway curation
KEGG:map02060	Phosphotransferase system (PTS)	Pathway	involves	CHEBI:16899	Mannitol	Bioactive	KEGG	map02060|C00392		review	0.88		KEGG compound C00392	KEGG pathway curation
KEGG:map02060	Phosphotransferase system (PTS)	Pathway	involves	CHEBI:16298	D-Mannitol 1-phosphate	Bioactive	KEGG	map02060|C00644		review	0.88		KEGG compound C00644	KEGG pathway curation
KEGG:map02060	Phosphotransferase system (PTS)	Pathway	involves	CHEBI:18283	alpha,alpha'-Trehalose 6-phosphate	Bioactive	KEGG	map02060|C00689		review	0.88		KEGG compound C00689	KEGG pathway curation
KEGG:map02060	Phosphotransferase system (PTS)	Pathway	involves	CHEBI:17997	Nitrogen	Bioactive	KEGG	map02060|C00697		review	0.88		KEGG compound C00697	KEGG pathway curation
KEGG:map02060	Phosphotransferase system (PTS)	Pathway	involves	CHEBI:17924	D-Sorbitol	Bioactive	KEGG	map02060|C00794		review	0.88		KEGG compound C00794	KEGG pathway curation
KEGG:map02060	Phosphotransferase system (PTS)	Pathway	involves	CHEBI:16551	alpha,alpha-Trehalose	Bioactive	KEGG	map02060|C01083		review	0.88		KEGG compound C01083	KEGG pathway curation
KEGG:map02060	Phosphotransferase system (PTS)	Pathway	involves	CHEBI:18105	D-Fructose 1-phosphate	Bioactive	KEGG	map02060|C01094		review	0.88		KEGG compound C01094	KEGG pathway curation
KEGG:map02060	Phosphotransferase system (PTS)	Pathway	involves	CHEBI:17044	Sorbitol 6-phosphate	Bioactive	KEGG	map02060|C01096		review	0.88		KEGG compound C01096	KEGG pathway curation
KEGG:map02060	Phosphotransferase system (PTS)	Pathway	involves	CHEBI:4141	D-Galactose 6-phosphate	Bioactive	KEGG	map02060|C01113		review	0.88		KEGG compound C01113	KEGG pathway curation
KEGG:map02060	Phosphotransferase system (PTS)	Pathway	involves	CHEBI:28037	N-Acetyl-D-galactosamine	Bioactive	KEGG	map02060|C01132		review	0.88		KEGG compound C01132	KEGG pathway curation
KEGG:map02060	Phosphotransferase system (PTS)	Pathway	involves	CHEBI:17814	Salicin	Bioactive	KEGG	map02060|C01451		review	0.88		KEGG compound C01451	KEGG pathway curation
KEGG:map02060	Phosphotransferase system (PTS)	Pathway	involves	CHEBI:27922	Sorbose	Bioactive	KEGG	map02060|C01452		review	0.88		KEGG compound C01452	KEGG pathway curation
KEGG:map02060	Phosphotransferase system (PTS)	Pathway	involves	CHEBI:28681	Chitobiose	Bioactive	KEGG	map02060|C01674		review	0.88		KEGG compound C01674	KEGG pathway curation
KEGG:map02060	Phosphotransferase system (PTS)	Pathway	involves	CHEBI:16813	Galactitol	Bioactive	KEGG	map02060|C01697		review	0.88		KEGG compound C01697	KEGG pathway curation
KEGG:map02060	Phosphotransferase system (PTS)	Pathway	involves	CHEBI:35436	D-Glucoside	Bioactive	KEGG	map02060|C01798		review	0.88		KEGG compound C01798	KEGG pathway curation
KEGG:map02060	Phosphotransferase system (PTS)	Pathway	involves	CHEBI:60312	D-Galactosamine	Bioactive	KEGG	map02060|C02262		review	0.88		KEGG compound C02262	KEGG pathway curation
KEGG:map02060	Phosphotransferase system (PTS)	Pathway	involves	CHEBI:21615	N-Acetylmuramate	Bioactive	KEGG	map02060|C02713		review	0.88		KEGG compound C02713	KEGG pathway curation
KEGG:map02060	Phosphotransferase system (PTS)	Pathway	involves	CHEBI:38342	Sorbose 1-phosphate	Bioactive	KEGG	map02060|C02888		review	0.88		KEGG compound C02888	KEGG pathway curation
KEGG:map02060	Phosphotransferase system (PTS)	Pathway	involves	CHEBI:15703	Maltose 6'-phosphate	Bioactive	KEGG	map02060|C02995		review	0.88		KEGG compound C02995	KEGG pathway curation
KEGG:map02060	Phosphotransferase system (PTS)	Pathway	involves	CHEBI:17784	2-Amino-2-deoxy-D-gluconate	Bioactive	KEGG	map02060|C03752		review	0.88		KEGG compound C03752	KEGG pathway curation
KEGG:map02060	Phosphotransferase system (PTS)	Pathway	involves	CHEBI:2233	6-Phospho-beta-D-glucosyl-(1,4)-D-glucose	Bioactive	KEGG	map02060|C04534		review	0.88		KEGG compound C04534	KEGG pathway curation
KEGG:map02060	Phosphotransferase system (PTS)	Pathway	involves	CHEBI:28339	Lactose 6'-phosphate	Bioactive	KEGG	map02060|C05396		review	0.88		KEGG compound C05396	KEGG pathway curation
KEGG:map02060	Phosphotransferase system (PTS)	Pathway	involves	CHEBI:18305	Arbutin	Bioactive	KEGG	map02060|C06186		review	0.88		KEGG compound C06186	KEGG pathway curation
KEGG:map02060	Phosphotransferase system (PTS)	Pathway	involves	CHEBI:2807	Arbutin 6-phosphate	Bioactive	KEGG	map02060|C06187		review	0.88		KEGG compound C06187	KEGG pathway curation
KEGG:map02060	Phosphotransferase system (PTS)	Pathway	involves	CHEBI:9003	Salicin 6-phosphate	Bioactive	KEGG	map02060|C06188		review	0.88		KEGG compound C06188	KEGG pathway curation
KEGG:map02060	Phosphotransferase system (PTS)	Pathway	involves	CHEBI:28663	Galactitol 1-phosphate	Bioactive	KEGG	map02060|C06311		review	0.88		KEGG compound C06311	KEGG pathway curation
KEGG:map02060	Phosphotransferase system (PTS)	Pathway	involves	CHEBI:18207	N-Acetyl-D-galactosamine 6-phosphate	Bioactive	KEGG	map02060|C06376		review	0.88		KEGG compound C06376	KEGG pathway curation
KEGG:map02060	Phosphotransferase system (PTS)	Pathway	involves	CHEBI:18232	D-Galactosamine 6-phosphate	Bioactive	KEGG	map02060|C06377		review	0.88		KEGG compound C06377	KEGG pathway curation
KEGG:map02060	Phosphotransferase system (PTS)	Pathway	involves	CHEBI:15847	2-O-(alpha-D-Mannosyl)-D-glycerate	Bioactive	KEGG	map02060|C11544		review	0.88		KEGG compound C11544	KEGG pathway curation
KEGG:map02060	Phosphotransferase system (PTS)	Pathway	involves	CHEBI:80368	L-Ascorbate 6-phosphate	Bioactive	KEGG	map02060|C16186		review	0.88		KEGG compound C16186	KEGG pathway curation
KEGG:map02060	Phosphotransferase system (PTS)	Pathway	involves	CHEBI:24109	Fructoselysine	Bioactive	KEGG	map02060|C16488		review	0.88		KEGG compound C16488	KEGG pathway curation
KEGG:map02060	Phosphotransferase system (PTS)	Pathway	involves	CHEBI:61437	Fructoselysine 6-phosphate	Bioactive	KEGG	map02060|C16489		review	0.88		KEGG compound C16489	KEGG pathway curation
KEGG:map02060	Phosphotransferase system (PTS)	Pathway	involves	CHEBI:131603	Sucrose 6-phosphate	Bioactive	KEGG	map02060|C16688		review	0.88		KEGG compound C16688	KEGG pathway curation
KEGG:map02060	Phosphotransferase system (PTS)	Pathway	involves	CHEBI:47968	N-Acetylmuramic acid 6-phosphate	Bioactive	KEGG	map02060|C16698		review	0.88		KEGG compound C16698	KEGG pathway curation
KEGG:map02060	Phosphotransferase system (PTS)	Pathway	involves	CHEBI:60331	2-O-(6-Phospho-alpha-mannosyl)-D-glycerate	Bioactive	KEGG	map02060|C16699		review	0.88		KEGG compound C16699	KEGG pathway curation
KEGG:map02060	Phosphotransferase system (PTS)	Pathway	involves	CHEBI:138877	Glucoselysine	Bioactive	KEGG	map02060|C20978		review	0.88		KEGG compound C20978	KEGG pathway curation
KEGG:map02060	Phosphotransferase system (PTS)	Pathway	involves	CHEBI:172917	Glucoselysine-6-phosphate	Bioactive	KEGG	map02060|C20979		review	0.88		KEGG compound C20979	KEGG pathway curation
KEGG:map00565	Ether lipid metabolism	Pathway	involves	CHEBI:16870	sn-Glycero-3-phosphocholine	Bioactive	KEGG	map00565|C00670		review	0.88		KEGG compound C00670	KEGG pathway curation
KEGG:map00565	Ether lipid metabolism	Pathway	involves	CHEBI:17810	Plasmenylcholine	Bioactive	KEGG	map00565|C00958		review	0.88		KEGG compound C00958	KEGG pathway curation
KEGG:map00565	Ether lipid metabolism	Pathway	involves	CHEBI:16929	sn-Glycero-3-phosphoethanolamine	Bioactive	KEGG	map00565|C01233		review	0.88		KEGG compound C01233	KEGG pathway curation
KEGG:map00565	Ether lipid metabolism	Pathway	involves	CHEBI:17555	2-Acetyl-1-alkyl-sn-glycero-3-phosphate	Bioactive	KEGG	map00565|C01264		review	0.88		KEGG compound C01264	KEGG pathway curation
KEGG:map00565	Ether lipid metabolism	Pathway	involves	CHEBI:15850	1-Alkyl-sn-glycerol	Bioactive	KEGG	map00565|C02773		review	0.88		KEGG compound C02773	KEGG pathway curation
KEGG:map00565	Ether lipid metabolism	Pathway	involves	CHEBI:52595	1-Alkyl-2-acylglycerol	Bioactive	KEGG	map00565|C03201		review	0.88		KEGG compound C03201	KEGG pathway curation
KEGG:map00565	Ether lipid metabolism	Pathway	involves	CHEBI:15835	Acylglycerone phosphate	Bioactive	KEGG	map00565|C03372		review	0.88		KEGG compound C03372	KEGG pathway curation
KEGG:map00565	Ether lipid metabolism	Pathway	involves	CHEBI:19000	1-Alkenyl-2-acylglycerol	Bioactive	KEGG	map00565|C03454		review	0.88		KEGG compound C03454	KEGG pathway curation
KEGG:map00565	Ether lipid metabolism	Pathway	involves	CHEBI:17197	O-Alkylglycerone phosphate	Bioactive	KEGG	map00565|C03715		review	0.88		KEGG compound C03715	KEGG pathway curation
KEGG:map00565	Ether lipid metabolism	Pathway	involves	CHEBI:16291	1-Alkyl-2-acetyl-sn-glycerol	Bioactive	KEGG	map00565|C03820		review	0.88		KEGG compound C03820	KEGG pathway curation
KEGG:map00565	Ether lipid metabolism	Pathway	involves	CHEBI:17106	1-Alkyl-sn-glycero-3-phosphate	Bioactive	KEGG	map00565|C03968		review	0.88		KEGG compound C03968	KEGG pathway curation
KEGG:map00565	Ether lipid metabolism	Pathway	involves	CHEBI:30909	1-Organyl-2-lyso-sn-glycero-3-phosphocholine	Bioactive	KEGG	map00565|C04317		review	0.88		KEGG compound C04317	KEGG pathway curation
KEGG:map00565	Ether lipid metabolism	Pathway	involves	CHEBI:17473	1-O-Alkyl-2-acetyl-3-acyl-sn-glycerol	Bioactive	KEGG	map00565|C04361		review	0.88		KEGG compound C04361	KEGG pathway curation
KEGG:map00565	Ether lipid metabolism	Pathway	involves	CHEBI:36712	1-Alkyl-2-acylglycerophosphoethanolamine	Bioactive	KEGG	map00565|C04475		review	0.88		KEGG compound C04475	KEGG pathway curation
KEGG:map00565	Ether lipid metabolism	Pathway	involves	CHEBI:17832	1-(1-Alkenyl)-sn-glycero-3-phosphocholine	Bioactive	KEGG	map00565|C04517		review	0.88		KEGG compound C04517	KEGG pathway curation
KEGG:map00565	Ether lipid metabolism	Pathway	involves	CHEBI:36707	2-Acetyl-1-alkyl-sn-glycero-3-phosphocholine	Bioactive	KEGG	map00565|C04598		review	0.88		KEGG compound C04598	KEGG pathway curation
KEGG:map00565	Ether lipid metabolism	Pathway	involves	CHEBI:15785	1-(1-Alkenyl)-sn-glycero-3-phosphoethanolamine	Bioactive	KEGG	map00565|C04635		review	0.88		KEGG compound C04635	KEGG pathway curation
KEGG:map00565	Ether lipid metabolism	Pathway	involves	CHEBI:17476	O-1-Alk-1-enyl-2-acyl-sn-glycero-3-phosphoethanolamine	Bioactive	KEGG	map00565|C04756		review	0.88		KEGG compound C04756	KEGG pathway curation
KEGG:map00565	Ether lipid metabolism	Pathway	involves	CHEBI:36702	1-Radyl-2-acyl-sn-glycero-3-phosphocholine	Bioactive	KEGG	map00565|C05212		review	0.88		KEGG compound C05212	KEGG pathway curation
KEGG:map00565	Ether lipid metabolism	Pathway	involves	CHEBI:37296	2-Acyl-1-alkyl-sn-glycero-3-phosphate	Bioactive	KEGG	map00565|C05977		review	0.88		KEGG compound C05977	KEGG pathway curation
KEGG:map00565	Ether lipid metabolism	Pathway	involves	CHEBI:73322	1-(1-Alkenyl)-sn-glycerol	Bioactive	KEGG	map00565|C15645		review	0.88		KEGG compound C15645	KEGG pathway curation
KEGG:map00565	Ether lipid metabolism	Pathway	involves	CHEBI:73423	1-(1-Alkenyl)-sn-glycero-3-phosphate	Bioactive	KEGG	map00565|C15646		review	0.88		KEGG compound C15646	KEGG pathway curation
KEGG:map00565	Ether lipid metabolism	Pathway	involves	CHEBI:73327	2-Acyl-1-(1-alkenyl)-sn-glycero-3-phosphate	Bioactive	KEGG	map00565|C15647		review	0.88		KEGG compound C15647	KEGG pathway curation
KEGG:map00565	Ether lipid metabolism	Pathway	involves	CHEBI:79332	Seminolipid	Bioactive	KEGG	map00565|C20825		review	0.88		KEGG compound C20825	KEGG pathway curation
KEGG:map00410	beta-Alanine metabolism	Pathway	involves	CHEBI:15351	Acetyl-CoA	Bioactive	KEGG	map00410|C00024		review	0.88		KEGG compound C00024	KEGG pathway curation
KEGG:map00410	beta-Alanine metabolism	Pathway	involves	CHEBI:17053	L-Aspartate	Bioactive	KEGG	map00410|C00049		review	0.88		KEGG compound C00049	KEGG pathway curation
KEGG:map00410	beta-Alanine metabolism	Pathway	involves	CHEBI:15531	Malonyl-CoA	Bioactive	KEGG	map00410|C00083		review	0.88		KEGG compound C00083	KEGG pathway curation
KEGG:map00410	beta-Alanine metabolism	Pathway	involves	CHEBI:16958	beta-Alanine	Bioactive	KEGG	map00410|C00099		review	0.88		KEGG compound C00099	KEGG pathway curation
KEGG:map00410	beta-Alanine metabolism	Pathway	involves	CHEBI:15539	Propanoyl-CoA	Bioactive	KEGG	map00410|C00100		review	0.88		KEGG compound C00100	KEGG pathway curation
KEGG:map00410	beta-Alanine metabolism	Pathway	involves	CHEBI:17568	Uracil	Bioactive	KEGG	map00410|C00106		review	0.88		KEGG compound C00106	KEGG pathway curation
KEGG:map00410	beta-Alanine metabolism	Pathway	involves	CHEBI:15971	L-Histidine	Bioactive	KEGG	map00410|C00135		review	0.88		KEGG compound C00135	KEGG pathway curation
KEGG:map00410	beta-Alanine metabolism	Pathway	involves	CHEBI:17960	3-Oxopropanoate	Bioactive	KEGG	map00410|C00222		review	0.88		KEGG compound C00222	KEGG pathway curation
KEGG:map00410	beta-Alanine metabolism	Pathway	involves	CHEBI:16610	Spermidine	Bioactive	KEGG	map00410|C00315		review	0.88		KEGG compound C00315	KEGG pathway curation
KEGG:map00410	beta-Alanine metabolism	Pathway	involves	CHEBI:16865	4-Aminobutanoate	Bioactive	KEGG	map00410|C00334		review	0.88		KEGG compound C00334	KEGG pathway curation
KEGG:map00410	beta-Alanine metabolism	Pathway	involves	CHEBI:15792	Malonate	Bioactive	KEGG	map00410|C00383		review	0.88		KEGG compound C00383	KEGG pathway curation
KEGG:map00410	beta-Alanine metabolism	Pathway	involves	CHEBI:15727	Carnosine	Bioactive	KEGG	map00410|C00386		review	0.88		KEGG compound C00386	KEGG pathway curation
KEGG:map00410	beta-Alanine metabolism	Pathway	involves	CHEBI:15901	5,6-Dihydrouracil	Bioactive	KEGG	map00410|C00429		review	0.88		KEGG compound C00429	KEGG pathway curation
KEGG:map00410	beta-Alanine metabolism	Pathway	involves	CHEBI:17769	4-Aminobutyraldehyde	Bioactive	KEGG	map00410|C00555		review	0.88		KEGG compound C00555	KEGG pathway curation
KEGG:map00410	beta-Alanine metabolism	Pathway	involves	CHEBI:15746	Spermine	Bioactive	KEGG	map00410|C00750		review	0.88		KEGG compound C00750	KEGG pathway curation
KEGG:map00410	beta-Alanine metabolism	Pathway	involves	CHEBI:15364	Propynoate	Bioactive	KEGG	map00410|C00804		review	0.88		KEGG compound C00804	KEGG pathway curation
KEGG:map00410	beta-Alanine metabolism	Pathway	involves	CHEBI:7916	Pantothenate	Bioactive	KEGG	map00410|C00864		review	0.88		KEGG compound C00864	KEGG pathway curation
KEGG:map00410	beta-Alanine metabolism	Pathway	involves	CHEBI:15513	Propenoyl-CoA	Bioactive	KEGG	map00410|C00894		review	0.88		KEGG compound C00894	KEGG pathway curation
KEGG:map00410	beta-Alanine metabolism	Pathway	involves	CHEBI:15725	1,3-Diaminopropane	Bioactive	KEGG	map00410|C00986		review	0.88		KEGG compound C00986	KEGG pathway curation
KEGG:map00410	beta-Alanine metabolism	Pathway	involves	CHEBI:16510	3-Hydroxypropanoate	Bioactive	KEGG	map00410|C01013		review	0.88		KEGG compound C01013	KEGG pathway curation
KEGG:map00410	beta-Alanine metabolism	Pathway	involves	CHEBI:16682	N-Acetyl-beta-alanine	Bioactive	KEGG	map00410|C01073		review	0.88		KEGG compound C01073	KEGG pathway curation
KEGG:map00410	beta-Alanine metabolism	Pathway	involves	CHEBI:18323	beta-Alanyl-N(pi)-methyl-L-histidine	Bioactive	KEGG	map00410|C01262		review	0.88		KEGG compound C01262	KEGG pathway curation
KEGG:map00410	beta-Alanine metabolism	Pathway	involves	CHEBI:15507	beta-Alanyl-CoA	Bioactive	KEGG	map00410|C02335		review	0.88		KEGG compound C02335	KEGG pathway curation
KEGG:map00410	beta-Alanine metabolism	Pathway	involves	CHEBI:18261	3-Ureidopropionate	Bioactive	KEGG	map00410|C02642		review	0.88		KEGG compound C02642	KEGG pathway curation
KEGG:map00410	beta-Alanine metabolism	Pathway	involves	CHEBI:15905	D-4'-Phosphopantothenate	Bioactive	KEGG	map00410|C03492		review	0.88		KEGG compound C03492	KEGG pathway curation
KEGG:map00410	beta-Alanine metabolism	Pathway	involves	CHEBI:16675	Quinolinate	Bioactive	KEGG	map00410|C03722		review	0.88		KEGG compound C03722	KEGG pathway curation
KEGG:map00410	beta-Alanine metabolism	Pathway	involves	CHEBI:28712	beta-Alanyl-L-arginine	Bioactive	KEGG	map00410|C05340		review	0.88		KEGG compound C05340	KEGG pathway curation
KEGG:map00410	beta-Alanine metabolism	Pathway	involves	CHEBI:27749	beta-Alanyl-L-lysine	Bioactive	KEGG	map00410|C05341		review	0.88		KEGG compound C05341	KEGG pathway curation
KEGG:map00410	beta-Alanine metabolism	Pathway	involves	CHEBI:18090	3-Aminopropanal	Bioactive	KEGG	map00410|C05665		review	0.88		KEGG compound C05665	KEGG pathway curation
KEGG:map00410	beta-Alanine metabolism	Pathway	involves	CHEBI:27762	3-Hydroxypropionyl-CoA	Bioactive	KEGG	map00410|C05668		review	0.88		KEGG compound C05668	KEGG pathway curation
KEGG:map00410	beta-Alanine metabolism	Pathway	involves	CHEBI:16348	beta-Nitropropanoate	Bioactive	KEGG	map00410|C05669		review	0.88		KEGG compound C05669	KEGG pathway curation
KEGG:map00410	beta-Alanine metabolism	Pathway	involves	CHEBI:27413	3-Aminopropiononitrile	Bioactive	KEGG	map00410|C05670		review	0.88		KEGG compound C05670	KEGG pathway curation
